nameOri,nameNon,labelOri,labelSeg
U10_CLG_VLV,U00_CLG_VLV,biiobiiiiii,"[(0, 3), (4, 11)]"
U10_DAT,U00_DAT,biiobii,"[(0, 3), (4, 7)]"
U10_FAN_SPD,U00_FAN_SPD,biiobiiiiii,"[(0, 3), (4, 11)]"
U10_FCU_FAULT,U00_FCU_FAULT,biiobiiiiiiii,"[(0, 3), (4, 13)]"
U10_HTG_VLV,U00_HTG_VLV,biiobiiiiii,"[(0, 3), (4, 11)]"
U10_RAT,U00_RAT,biiobii,"[(0, 3), (4, 7)]"
U10_TEMP_SPT,U00_TEMP_SPT,biiobiiiiiii,"[(0, 3), (4, 12)]"
U11_CLG_VLV,U00_CLG_VLV,biiobiiiiii,"[(0, 3), (4, 11)]"
U11_DAT,U00_DAT,biiobii,"[(0, 3), (4, 7)]"
U11_FAN_SPD,U00_FAN_SPD,biiobiiiiii,"[(0, 3), (4, 11)]"
U11_FCU_FAULT,U00_FCU_FAULT,biiobiiiiiiii,"[(0, 3), (4, 13)]"
U11_HTG_VLV,U00_HTG_VLV,biiobiiiiii,"[(0, 3), (4, 11)]"
U11_RAT,U00_RAT,biiobii,"[(0, 3), (4, 7)]"
U11_TEMP_SPT,U00_TEMP_SPT,biiobiiiiiii,"[(0, 3), (4, 12)]"
U12_CLG_VLV,U00_CLG_VLV,biiobiiiiii,"[(0, 3), (4, 11)]"
U12_DAT,U00_DAT,biiobii,"[(0, 3), (4, 7)]"
U12_FAN_SPD,U00_FAN_SPD,biiobiiiiii,"[(0, 3), (4, 11)]"
U12_FCU_FAULT,U00_FCU_FAULT,biiobiiiiiiii,"[(0, 3), (4, 13)]"
U12_HTG_VLV,U00_HTG_VLV,biiobiiiiii,"[(0, 3), (4, 11)]"
U12_RAT,U00_RAT,biiobii,"[(0, 3), (4, 7)]"
U12_TEMP_SPT,U00_TEMP_SPT,biiobiiiiiii,"[(0, 3), (4, 12)]"
U13_CLG_VLV,U00_CLG_VLV,biiobiiiiii,"[(0, 3), (4, 11)]"
U13_DAT,U00_DAT,biiobii,"[(0, 3), (4, 7)]"
U13_FAN_SPD,U00_FAN_SPD,biiobiiiiii,"[(0, 3), (4, 11)]"
U13_FCU_FAULT,U00_FCU_FAULT,biiobiiiiiiii,"[(0, 3), (4, 13)]"
U13_HTG_VLV,U00_HTG_VLV,biiobiiiiii,"[(0, 3), (4, 11)]"
U13_RAT,U00_RAT,biiobii,"[(0, 3), (4, 7)]"
U13_TEMP_SPT,U00_TEMP_SPT,biiobiiiiiii,"[(0, 3), (4, 12)]"
U14_CLG_VLV,U00_CLG_VLV,biiobiiiiii,"[(0, 3), (4, 11)]"
U14_DAT,U00_DAT,biiobii,"[(0, 3), (4, 7)]"
U14_FAN_SPD,U00_FAN_SPD,biiobiiiiii,"[(0, 3), (4, 11)]"
U14_FCU_FAULT,U00_FCU_FAULT,biiobiiiiiiii,"[(0, 3), (4, 13)]"
U14_HTG_VLV,U00_HTG_VLV,biiobiiiiii,"[(0, 3), (4, 11)]"
U14_RAT,U00_RAT,biiobii,"[(0, 3), (4, 7)]"
U14_TEMP_SPT,U00_TEMP_SPT,biiobiiiiiii,"[(0, 3), (4, 12)]"
U15_CLG_VLV,U00_CLG_VLV,biiobiiiiii,"[(0, 3), (4, 11)]"
U15_DAT,U00_DAT,biiobii,"[(0, 3), (4, 7)]"
U15_FAN_SPD,U00_FAN_SPD,biiobiiiiii,"[(0, 3), (4, 11)]"
U15_FCU_FAULT,U00_FCU_FAULT,biiobiiiiiiii,"[(0, 3), (4, 13)]"
U15_HTG_VLV,U00_HTG_VLV,biiobiiiiii,"[(0, 3), (4, 11)]"
U15_RAT,U00_RAT,biiobii,"[(0, 3), (4, 7)]"
U15_TEMP_SPT,U00_TEMP_SPT,biiobiiiiiii,"[(0, 3), (4, 12)]"
U16_CLG_VLV,U00_CLG_VLV,biiobiiiiii,"[(0, 3), (4, 11)]"
U16_DAT,U00_DAT,biiobii,"[(0, 3), (4, 7)]"
U16_FAN_SPD,U00_FAN_SPD,biiobiiiiii,"[(0, 3), (4, 11)]"
U16_FCU_FAULT,U00_FCU_FAULT,biiobiiiiiiii,"[(0, 3), (4, 13)]"
U16_HTG_VLV,U00_HTG_VLV,biiobiiiiii,"[(0, 3), (4, 11)]"
U16_RAT,U00_RAT,biiobii,"[(0, 3), (4, 7)]"
U16_TEMP_SPT,U00_TEMP_SPT,biiobiiiiiii,"[(0, 3), (4, 12)]"
U17_CLG_VLV,U00_CLG_VLV,biiobiiiiii,"[(0, 3), (4, 11)]"
U17_DAT,U00_DAT,biiobii,"[(0, 3), (4, 7)]"
U17_FAN_SPD,U00_FAN_SPD,biiobiiiiii,"[(0, 3), (4, 11)]"
U17_FCU_FAULT,U00_FCU_FAULT,biiobiiiiiiii,"[(0, 3), (4, 13)]"
U17_HTG_VLV,U00_HTG_VLV,biiobiiiiii,"[(0, 3), (4, 11)]"
U17_RAT,U00_RAT,biiobii,"[(0, 3), (4, 7)]"
U17_TEMP_SPT,U00_TEMP_SPT,biiobiiiiiii,"[(0, 3), (4, 12)]"
U18_CLG_VLV,U00_CLG_VLV,biiobiiiiii,"[(0, 3), (4, 11)]"
U18_DAT,U00_DAT,biiobii,"[(0, 3), (4, 7)]"
U18_FAN_SPD,U00_FAN_SPD,biiobiiiiii,"[(0, 3), (4, 11)]"
U18_FCU_FAULT,U00_FCU_FAULT,biiobiiiiiiii,"[(0, 3), (4, 13)]"
U18_HTG_VLV,U00_HTG_VLV,biiobiiiiii,"[(0, 3), (4, 11)]"
U18_RAT,U00_RAT,biiobii,"[(0, 3), (4, 7)]"
U18_TEMP_SPT,U00_TEMP_SPT,biiobiiiiiii,"[(0, 3), (4, 12)]"
U19_CLG_VLV,U00_CLG_VLV,biiobiiiiii,"[(0, 3), (4, 11)]"
U19_DAT,U00_DAT,biiobii,"[(0, 3), (4, 7)]"
U19_FAN_SPD,U00_FAN_SPD,biiobiiiiii,"[(0, 3), (4, 11)]"
U19_FCU_FAULT,U00_FCU_FAULT,biiobiiiiiiii,"[(0, 3), (4, 13)]"
U19_HTG_VLV,U00_HTG_VLV,biiobiiiiii,"[(0, 3), (4, 11)]"
U19_RAT,U00_RAT,biiobii,"[(0, 3), (4, 7)]"
U19_TEMP_SPT,U00_TEMP_SPT,biiobiiiiiii,"[(0, 3), (4, 12)]"
U1_CLG_VLV,U0_CLG_VLV,biobiiiiii,"[(0, 2), (3, 10)]"
U1_DAT,U0_DAT,biobii,"[(0, 2), (3, 6)]"
U1_FAN_SPD,U0_FAN_SPD,biobiiiiii,"[(0, 2), (3, 10)]"
U1_FCU_FAULT,U0_FCU_FAULT,biobiiiiiiii,"[(0, 2), (3, 12)]"
U1_HTG_VLV,U0_HTG_VLV,biobiiiiii,"[(0, 2), (3, 10)]"
U1_RAT,U0_RAT,biobii,"[(0, 2), (3, 6)]"
U1_TEMP_SPT,U0_TEMP_SPT,biobiiiiiii,"[(0, 2), (3, 11)]"
U20_CLG_VLV,U00_CLG_VLV,biiobiiiiii,"[(0, 3), (4, 11)]"
U20_DAT,U00_DAT,biiobii,"[(0, 3), (4, 7)]"
U20_FAN_SPD,U00_FAN_SPD,biiobiiiiii,"[(0, 3), (4, 11)]"
U20_FCU_FAULT,U00_FCU_FAULT,biiobiiiiiiii,"[(0, 3), (4, 13)]"
U20_HTG_VLV,U00_HTG_VLV,biiobiiiiii,"[(0, 3), (4, 11)]"
U20_RAT,U00_RAT,biiobii,"[(0, 3), (4, 7)]"
U20_TEMP_SPT,U00_TEMP_SPT,biiobiiiiiii,"[(0, 3), (4, 12)]"
U21_CLG_VLV,U00_CLG_VLV,biiobiiiiii,"[(0, 3), (4, 11)]"
U21_DAT,U00_DAT,biiobii,"[(0, 3), (4, 7)]"
U21_FAN_SPD,U00_FAN_SPD,biiobiiiiii,"[(0, 3), (4, 11)]"
U21_FCU_FAULT,U00_FCU_FAULT,biiobiiiiiiii,"[(0, 3), (4, 13)]"
U21_HTG_VLV,U00_HTG_VLV,biiobiiiiii,"[(0, 3), (4, 11)]"
U21_RAT,U00_RAT,biiobii,"[(0, 3), (4, 7)]"
U21_TEMP_SPT,U00_TEMP_SPT,biiobiiiiiii,"[(0, 3), (4, 12)]"
U22_CLG_VLV,U00_CLG_VLV,biiobiiiiii,"[(0, 3), (4, 11)]"
U22_DAT,U00_DAT,biiobii,"[(0, 3), (4, 7)]"
U22_FAN_SPD,U00_FAN_SPD,biiobiiiiii,"[(0, 3), (4, 11)]"
U22_FCU_FAULT,U00_FCU_FAULT,biiobiiiiiiii,"[(0, 3), (4, 13)]"
U22_HTG_VLV,U00_HTG_VLV,biiobiiiiii,"[(0, 3), (4, 11)]"
U22_RAT,U00_RAT,biiobii,"[(0, 3), (4, 7)]"
U22_TEMP_SPT,U00_TEMP_SPT,biiobiiiiiii,"[(0, 3), (4, 12)]"
U23_CLG_VLV,U00_CLG_VLV,biiobiiiiii,"[(0, 3), (4, 11)]"
U23_DAT,U00_DAT,biiobii,"[(0, 3), (4, 7)]"
U23_FAN_SPD,U00_FAN_SPD,biiobiiiiii,"[(0, 3), (4, 11)]"
U23_FCU_FAULT,U00_FCU_FAULT,biiobiiiiiiii,"[(0, 3), (4, 13)]"
U23_HTG_VLV,U00_HTG_VLV,biiobiiiiii,"[(0, 3), (4, 11)]"
U23_RAT,U00_RAT,biiobii,"[(0, 3), (4, 7)]"
U23_TEMP_SPT,U00_TEMP_SPT,biiobiiiiiii,"[(0, 3), (4, 12)]"
U2_CLG_VLV,U0_CLG_VLV,biobiiiiii,"[(0, 2), (3, 10)]"
U2_DAT,U0_DAT,biobii,"[(0, 2), (3, 6)]"
U2_FAN_SPD,U0_FAN_SPD,biobiiiiii,"[(0, 2), (3, 10)]"
U2_FCU_FAULT,U0_FCU_FAULT,biobiiiiiiii,"[(0, 2), (3, 12)]"
U2_HTG_VLV,U0_HTG_VLV,biobiiiiii,"[(0, 2), (3, 10)]"
U2_RAT,U0_RAT,biobii,"[(0, 2), (3, 6)]"
U2_TEMP_SPT,U0_TEMP_SPT,biobiiiiiii,"[(0, 2), (3, 11)]"
U3_CLG_VLV,U0_CLG_VLV,biobiiiiii,"[(0, 2), (3, 10)]"
U3_DAT,U0_DAT,biobii,"[(0, 2), (3, 6)]"
U3_FAN_SPD,U0_FAN_SPD,biobiiiiii,"[(0, 2), (3, 10)]"
U3_FCU_FAULT,U0_FCU_FAULT,biobiiiiiiii,"[(0, 2), (3, 12)]"
U3_HTG_VLV,U0_HTG_VLV,biobiiiiii,"[(0, 2), (3, 10)]"
U3_RAT,U0_RAT,biobii,"[(0, 2), (3, 6)]"
U3_TEMP_SPT,U0_TEMP_SPT,biobiiiiiii,"[(0, 2), (3, 11)]"
U4_CLG_VLV,U0_CLG_VLV,biobiiiiii,"[(0, 2), (3, 10)]"
U4_DAT,U0_DAT,biobii,"[(0, 2), (3, 6)]"
U4_FAN_SPD,U0_FAN_SPD,biobiiiiii,"[(0, 2), (3, 10)]"
U4_FCU_FAULT,U0_FCU_FAULT,biobiiiiiiii,"[(0, 2), (3, 12)]"
U4_HTG_VLV,U0_HTG_VLV,biobiiiiii,"[(0, 2), (3, 10)]"
U4_RAT,U0_RAT,biobii,"[(0, 2), (3, 6)]"
U4_TEMP_SPT,U0_TEMP_SPT,biobiiiiiii,"[(0, 2), (3, 11)]"
U5_CLG_VLV,U0_CLG_VLV,biobiiiiii,"[(0, 2), (3, 10)]"
U5_DAT,U0_DAT,biobii,"[(0, 2), (3, 6)]"
U5_FAN_SPD,U0_FAN_SPD,biobiiiiii,"[(0, 2), (3, 10)]"
U5_FCU_FAULT,U0_FCU_FAULT,biobiiiiiiii,"[(0, 2), (3, 12)]"
U5_HTG_VLV,U0_HTG_VLV,biobiiiiii,"[(0, 2), (3, 10)]"
U5_RAT,U0_RAT,biobii,"[(0, 2), (3, 6)]"
U5_TEMP_SPT,U0_TEMP_SPT,biobiiiiiii,"[(0, 2), (3, 11)]"
U6_CLG_VLV,U0_CLG_VLV,biobiiiiii,"[(0, 2), (3, 10)]"
U6_DAT,U0_DAT,biobii,"[(0, 2), (3, 6)]"
U6_FAN_SPD,U0_FAN_SPD,biobiiiiii,"[(0, 2), (3, 10)]"
U6_FCU_FAULT,U0_FCU_FAULT,biobiiiiiiii,"[(0, 2), (3, 12)]"
U6_HTG_VLV,U0_HTG_VLV,biobiiiiii,"[(0, 2), (3, 10)]"
U6_RAT,U0_RAT,biobii,"[(0, 2), (3, 6)]"
U6_TEMP_SPT,U0_TEMP_SPT,biobiiiiiii,"[(0, 2), (3, 11)]"
U7_CLG_VLV,U0_CLG_VLV,biobiiiiii,"[(0, 2), (3, 10)]"
U7_DAT,U0_DAT,biobii,"[(0, 2), (3, 6)]"
U7_FAN_SPD,U0_FAN_SPD,biobiiiiii,"[(0, 2), (3, 10)]"
U7_FCU_FAULT,U0_FCU_FAULT,biobiiiiiiii,"[(0, 2), (3, 12)]"
U7_HTG_VLV,U0_HTG_VLV,biobiiiiii,"[(0, 2), (3, 10)]"
U7_RAT,U0_RAT,biobii,"[(0, 2), (3, 6)]"
U7_TEMP_SPT,U0_TEMP_SPT,biobiiiiiii,"[(0, 2), (3, 11)]"
U8_CLG_VLV,U0_CLG_VLV,biobiiiiii,"[(0, 2), (3, 10)]"
U8_DAT,U0_DAT,biobii,"[(0, 2), (3, 6)]"
U8_FAN_SPD,U0_FAN_SPD,biobiiiiii,"[(0, 2), (3, 10)]"
U8_FCU_FAULT,U0_FCU_FAULT,biobiiiiiiii,"[(0, 2), (3, 12)]"
U8_HTG_VLV,U0_HTG_VLV,biobiiiiii,"[(0, 2), (3, 10)]"
U8_RAT,U0_RAT,biobii,"[(0, 2), (3, 6)]"
U8_TEMP_SPT,U0_TEMP_SPT,biobiiiiiii,"[(0, 2), (3, 11)]"
U9_CLG_VLV,U0_CLG_VLV,biobiiiiii,"[(0, 2), (3, 10)]"
U9_DAT,U0_DAT,biobii,"[(0, 2), (3, 6)]"
U9_FAN_SPD,U0_FAN_SPD,biobiiiiii,"[(0, 2), (3, 10)]"
U9_FCU_FAULT,U0_FCU_FAULT,biobiiiiiiii,"[(0, 2), (3, 12)]"
U9_HTG_VLV,U0_HTG_VLV,biobiiiiii,"[(0, 2), (3, 10)]"
U9_RAT,U0_RAT,biobii,"[(0, 2), (3, 6)]"
U9_TEMP_SPT,U0_TEMP_SPT,biobiiiiiii,"[(0, 2), (3, 11)]"
U10_CLG_VLV,U00_CLG_VLV,biiobiiiiii,"[(0, 3), (4, 11)]"
U10_DAT,U00_DAT,biiobii,"[(0, 3), (4, 7)]"
U10_FAN_SPD,U00_FAN_SPD,biiobiiiiii,"[(0, 3), (4, 11)]"
U10_FCU_FAULT,U00_FCU_FAULT,biiobiiiiiiii,"[(0, 3), (4, 13)]"
U10_HTG_VLV,U00_HTG_VLV,biiobiiiiii,"[(0, 3), (4, 11)]"
U10_RAT,U00_RAT,biiobii,"[(0, 3), (4, 7)]"
U10_TEMP_SPT,U00_TEMP_SPT,biiobiiiiiii,"[(0, 3), (4, 12)]"
U11_CLG_VLV,U00_CLG_VLV,biiobiiiiii,"[(0, 3), (4, 11)]"
U11_DAT,U00_DAT,biiobii,"[(0, 3), (4, 7)]"
U11_FAN_SPD,U00_FAN_SPD,biiobiiiiii,"[(0, 3), (4, 11)]"
U11_FCU_FAULT,U00_FCU_FAULT,biiobiiiiiiii,"[(0, 3), (4, 13)]"
U11_HTG_VLV,U00_HTG_VLV,biiobiiiiii,"[(0, 3), (4, 11)]"
U11_RAT,U00_RAT,biiobii,"[(0, 3), (4, 7)]"
U11_TEMP_SPT,U00_TEMP_SPT,biiobiiiiiii,"[(0, 3), (4, 12)]"
U12_CLG_VLV,U00_CLG_VLV,biiobiiiiii,"[(0, 3), (4, 11)]"
U12_DAT,U00_DAT,biiobii,"[(0, 3), (4, 7)]"
U12_FAN_SPD,U00_FAN_SPD,biiobiiiiii,"[(0, 3), (4, 11)]"
U12_FCU_FAULT,U00_FCU_FAULT,biiobiiiiiiii,"[(0, 3), (4, 13)]"
U12_HTG_VLV,U00_HTG_VLV,biiobiiiiii,"[(0, 3), (4, 11)]"
U12_RAT,U00_RAT,biiobii,"[(0, 3), (4, 7)]"
U12_TEMP_SPT,U00_TEMP_SPT,biiobiiiiiii,"[(0, 3), (4, 12)]"
U13_CLG_VLV,U00_CLG_VLV,biiobiiiiii,"[(0, 3), (4, 11)]"
U13_DAT,U00_DAT,biiobii,"[(0, 3), (4, 7)]"
U13_FAN_SPD,U00_FAN_SPD,biiobiiiiii,"[(0, 3), (4, 11)]"
U13_FCU_FAULT,U00_FCU_FAULT,biiobiiiiiiii,"[(0, 3), (4, 13)]"
U13_HTG_VLV,U00_HTG_VLV,biiobiiiiii,"[(0, 3), (4, 11)]"
U13_RAT,U00_RAT,biiobii,"[(0, 3), (4, 7)]"
U13_TEMP_SPT,U00_TEMP_SPT,biiobiiiiiii,"[(0, 3), (4, 12)]"
U14_CLG_VLV,U00_CLG_VLV,biiobiiiiii,"[(0, 3), (4, 11)]"
U14_DAT,U00_DAT,biiobii,"[(0, 3), (4, 7)]"
U14_FAN_SPD,U00_FAN_SPD,biiobiiiiii,"[(0, 3), (4, 11)]"
U14_FCU_FAULT,U00_FCU_FAULT,biiobiiiiiiii,"[(0, 3), (4, 13)]"
U14_HTG_VLV,U00_HTG_VLV,biiobiiiiii,"[(0, 3), (4, 11)]"
U14_RAT,U00_RAT,biiobii,"[(0, 3), (4, 7)]"
U14_TEMP_SPT,U00_TEMP_SPT,biiobiiiiiii,"[(0, 3), (4, 12)]"
U15_CLG_VLV,U00_CLG_VLV,biiobiiiiii,"[(0, 3), (4, 11)]"
U15_DAT,U00_DAT,biiobii,"[(0, 3), (4, 7)]"
U15_FAN_SPD,U00_FAN_SPD,biiobiiiiii,"[(0, 3), (4, 11)]"
U15_FCU_FAULT,U00_FCU_FAULT,biiobiiiiiiii,"[(0, 3), (4, 13)]"
U15_HTG_VLV,U00_HTG_VLV,biiobiiiiii,"[(0, 3), (4, 11)]"
U15_RAT,U00_RAT,biiobii,"[(0, 3), (4, 7)]"
U15_TEMP_SPT,U00_TEMP_SPT,biiobiiiiiii,"[(0, 3), (4, 12)]"
U16_CLG_VLV,U00_CLG_VLV,biiobiiiiii,"[(0, 3), (4, 11)]"
U16_DAT,U00_DAT,biiobii,"[(0, 3), (4, 7)]"
U16_FAN_SPD,U00_FAN_SPD,biiobiiiiii,"[(0, 3), (4, 11)]"
U16_FCU_FAULT,U00_FCU_FAULT,biiobiiiiiiii,"[(0, 3), (4, 13)]"
U16_HTG_VLV,U00_HTG_VLV,biiobiiiiii,"[(0, 3), (4, 11)]"
U16_RAT,U00_RAT,biiobii,"[(0, 3), (4, 7)]"
U16_TEMP_SPT,U00_TEMP_SPT,biiobiiiiiii,"[(0, 3), (4, 12)]"
U17_CLG_VLV,U00_CLG_VLV,biiobiiiiii,"[(0, 3), (4, 11)]"
U17_DAT,U00_DAT,biiobii,"[(0, 3), (4, 7)]"
U17_FAN_SPD,U00_FAN_SPD,biiobiiiiii,"[(0, 3), (4, 11)]"
U17_FCU_FAULT,U00_FCU_FAULT,biiobiiiiiiii,"[(0, 3), (4, 13)]"
U17_HTG_VLV,U00_HTG_VLV,biiobiiiiii,"[(0, 3), (4, 11)]"
U17_RAT,U00_RAT,biiobii,"[(0, 3), (4, 7)]"
U17_TEMP_SPT,U00_TEMP_SPT,biiobiiiiiii,"[(0, 3), (4, 12)]"
U18_CLG_VLV,U00_CLG_VLV,biiobiiiiii,"[(0, 3), (4, 11)]"
U18_DAT,U00_DAT,biiobii,"[(0, 3), (4, 7)]"
U18_FAN_SPD,U00_FAN_SPD,biiobiiiiii,"[(0, 3), (4, 11)]"
U18_FCU_FAULT,U00_FCU_FAULT,biiobiiiiiiii,"[(0, 3), (4, 13)]"
U18_HTG_VLV,U00_HTG_VLV,biiobiiiiii,"[(0, 3), (4, 11)]"
U18_RAT,U00_RAT,biiobii,"[(0, 3), (4, 7)]"
U18_TEMP_SPT,U00_TEMP_SPT,biiobiiiiiii,"[(0, 3), (4, 12)]"
U19_CLG_VLV,U00_CLG_VLV,biiobiiiiii,"[(0, 3), (4, 11)]"
U19_DAT,U00_DAT,biiobii,"[(0, 3), (4, 7)]"
U19_FAN_SPD,U00_FAN_SPD,biiobiiiiii,"[(0, 3), (4, 11)]"
U19_FCU_FAULT,U00_FCU_FAULT,biiobiiiiiiii,"[(0, 3), (4, 13)]"
U19_HTG_VLV,U00_HTG_VLV,biiobiiiiii,"[(0, 3), (4, 11)]"
U19_RAT,U00_RAT,biiobii,"[(0, 3), (4, 7)]"
U19_TEMP_SPT,U00_TEMP_SPT,biiobiiiiiii,"[(0, 3), (4, 12)]"
U1_CLG_VLV,U0_CLG_VLV,biobiiiiii,"[(0, 2), (3, 10)]"
U1_DAT,U0_DAT,biobii,"[(0, 2), (3, 6)]"
U1_FAN_SPD,U0_FAN_SPD,biobiiiiii,"[(0, 2), (3, 10)]"
U1_FCU_FAULT,U0_FCU_FAULT,biobiiiiiiii,"[(0, 2), (3, 12)]"
U1_HTG_VLV,U0_HTG_VLV,biobiiiiii,"[(0, 2), (3, 10)]"
U1_RAT,U0_RAT,biobii,"[(0, 2), (3, 6)]"
U1_TEMP_SPT,U0_TEMP_SPT,biobiiiiiii,"[(0, 2), (3, 11)]"
U20_CLG_VLV,U00_CLG_VLV,biiobiiiiii,"[(0, 3), (4, 11)]"
U20_DAT,U00_DAT,biiobii,"[(0, 3), (4, 7)]"
U20_FAN_SPD,U00_FAN_SPD,biiobiiiiii,"[(0, 3), (4, 11)]"
U20_FCU_FAULT,U00_FCU_FAULT,biiobiiiiiiii,"[(0, 3), (4, 13)]"
U20_HTG_VLV,U00_HTG_VLV,biiobiiiiii,"[(0, 3), (4, 11)]"
U20_RAT,U00_RAT,biiobii,"[(0, 3), (4, 7)]"
U20_TEMP_SPT,U00_TEMP_SPT,biiobiiiiiii,"[(0, 3), (4, 12)]"
U21_CLG_VLV,U00_CLG_VLV,biiobiiiiii,"[(0, 3), (4, 11)]"
U21_DAT,U00_DAT,biiobii,"[(0, 3), (4, 7)]"
U21_FAN_SPD,U00_FAN_SPD,biiobiiiiii,"[(0, 3), (4, 11)]"
U21_FCU_FAULT,U00_FCU_FAULT,biiobiiiiiiii,"[(0, 3), (4, 13)]"
U21_HTG_VLV,U00_HTG_VLV,biiobiiiiii,"[(0, 3), (4, 11)]"
U21_RAT,U00_RAT,biiobii,"[(0, 3), (4, 7)]"
U21_TEMP_SPT,U00_TEMP_SPT,biiobiiiiiii,"[(0, 3), (4, 12)]"
U22_CLG_VLV,U00_CLG_VLV,biiobiiiiii,"[(0, 3), (4, 11)]"
U22_DAT,U00_DAT,biiobii,"[(0, 3), (4, 7)]"
U22_FAN_SPD,U00_FAN_SPD,biiobiiiiii,"[(0, 3), (4, 11)]"
U22_FCU_FAULT,U00_FCU_FAULT,biiobiiiiiiii,"[(0, 3), (4, 13)]"
U22_HTG_VLV,U00_HTG_VLV,biiobiiiiii,"[(0, 3), (4, 11)]"
U22_RAT,U00_RAT,biiobii,"[(0, 3), (4, 7)]"
U22_TEMP_SPT,U00_TEMP_SPT,biiobiiiiiii,"[(0, 3), (4, 12)]"
U23_CLG_VLV,U00_CLG_VLV,biiobiiiiii,"[(0, 3), (4, 11)]"
U23_DAT,U00_DAT,biiobii,"[(0, 3), (4, 7)]"
U23_FAN_SPD,U00_FAN_SPD,biiobiiiiii,"[(0, 3), (4, 11)]"
U23_FCU_FAULT,U00_FCU_FAULT,biiobiiiiiiii,"[(0, 3), (4, 13)]"
U23_HTG_VLV,U00_HTG_VLV,biiobiiiiii,"[(0, 3), (4, 11)]"
U23_RAT,U00_RAT,biiobii,"[(0, 3), (4, 7)]"
U23_TEMP_SPT,U00_TEMP_SPT,biiobiiiiiii,"[(0, 3), (4, 12)]"
U24_CLG_VLV,U00_CLG_VLV,biiobiiiiii,"[(0, 3), (4, 11)]"
U24_DAT,U00_DAT,biiobii,"[(0, 3), (4, 7)]"
U24_FAN_SPD,U00_FAN_SPD,biiobiiiiii,"[(0, 3), (4, 11)]"
U24_FCU_FAULT,U00_FCU_FAULT,biiobiiiiiiii,"[(0, 3), (4, 13)]"
U24_HTG_VLV,U00_HTG_VLV,biiobiiiiii,"[(0, 3), (4, 11)]"
U24_RAT,U00_RAT,biiobii,"[(0, 3), (4, 7)]"
U24_TEMP_SPT,U00_TEMP_SPT,biiobiiiiiii,"[(0, 3), (4, 12)]"
U25_CLG_VLV,U00_CLG_VLV,biiobiiiiii,"[(0, 3), (4, 11)]"
U25_DAT,U00_DAT,biiobii,"[(0, 3), (4, 7)]"
U25_FAN_SPD,U00_FAN_SPD,biiobiiiiii,"[(0, 3), (4, 11)]"
U25_FCU_FAULT,U00_FCU_FAULT,biiobiiiiiiii,"[(0, 3), (4, 13)]"
U25_HTG_VLV,U00_HTG_VLV,biiobiiiiii,"[(0, 3), (4, 11)]"
U25_RAT,U00_RAT,biiobii,"[(0, 3), (4, 7)]"
U25_TEMP_SPT,U00_TEMP_SPT,biiobiiiiiii,"[(0, 3), (4, 12)]"
U26_CLG_VLV,U00_CLG_VLV,biiobiiiiii,"[(0, 3), (4, 11)]"
U26_DAT,U00_DAT,biiobii,"[(0, 3), (4, 7)]"
U26_FAN_SPD,U00_FAN_SPD,biiobiiiiii,"[(0, 3), (4, 11)]"
U26_FCU_FAULT,U00_FCU_FAULT,biiobiiiiiiii,"[(0, 3), (4, 13)]"
U26_HTG_VLV,U00_HTG_VLV,biiobiiiiii,"[(0, 3), (4, 11)]"
U26_RAT,U00_RAT,biiobii,"[(0, 3), (4, 7)]"
U26_TEMP_SPT,U00_TEMP_SPT,biiobiiiiiii,"[(0, 3), (4, 12)]"
U27_CLG_VLV,U00_CLG_VLV,biiobiiiiii,"[(0, 3), (4, 11)]"
U27_DAT,U00_DAT,biiobii,"[(0, 3), (4, 7)]"
U27_FAN_SPD,U00_FAN_SPD,biiobiiiiii,"[(0, 3), (4, 11)]"
U27_FCU_FAULT,U00_FCU_FAULT,biiobiiiiiiii,"[(0, 3), (4, 13)]"
U27_HTG_VLV,U00_HTG_VLV,biiobiiiiii,"[(0, 3), (4, 11)]"
U27_RAT,U00_RAT,biiobii,"[(0, 3), (4, 7)]"
U27_TEMP_SPT,U00_TEMP_SPT,biiobiiiiiii,"[(0, 3), (4, 12)]"
U28_CLG_VLV,U00_CLG_VLV,biiobiiiiii,"[(0, 3), (4, 11)]"
U28_DAT,U00_DAT,biiobii,"[(0, 3), (4, 7)]"
U28_FAN_SPD,U00_FAN_SPD,biiobiiiiii,"[(0, 3), (4, 11)]"
U28_FCU_FAULT,U00_FCU_FAULT,biiobiiiiiiii,"[(0, 3), (4, 13)]"
U28_HTG_VLV,U00_HTG_VLV,biiobiiiiii,"[(0, 3), (4, 11)]"
U28_RAT,U00_RAT,biiobii,"[(0, 3), (4, 7)]"
U28_TEMP_SPT,U00_TEMP_SPT,biiobiiiiiii,"[(0, 3), (4, 12)]"
U29_CLG_VLV,U00_CLG_VLV,biiobiiiiii,"[(0, 3), (4, 11)]"
U29_DAT,U00_DAT,biiobii,"[(0, 3), (4, 7)]"
U29_FAN_SPD,U00_FAN_SPD,biiobiiiiii,"[(0, 3), (4, 11)]"
U29_FCU_FAULT,U00_FCU_FAULT,biiobiiiiiiii,"[(0, 3), (4, 13)]"
U29_HTG_VLV,U00_HTG_VLV,biiobiiiiii,"[(0, 3), (4, 11)]"
U29_RAT,U00_RAT,biiobii,"[(0, 3), (4, 7)]"
U29_TEMP_SPT,U00_TEMP_SPT,biiobiiiiiii,"[(0, 3), (4, 12)]"
U2_CLG_VLV,U0_CLG_VLV,biobiiiiii,"[(0, 2), (3, 10)]"
U2_DAT,U0_DAT,biobii,"[(0, 2), (3, 6)]"
U2_FAN_SPD,U0_FAN_SPD,biobiiiiii,"[(0, 2), (3, 10)]"
U2_FCU_FAULT,U0_FCU_FAULT,biobiiiiiiii,"[(0, 2), (3, 12)]"
U2_HTG_VLV,U0_HTG_VLV,biobiiiiii,"[(0, 2), (3, 10)]"
U2_RAT,U0_RAT,biobii,"[(0, 2), (3, 6)]"
U2_TEMP_SPT,U0_TEMP_SPT,biobiiiiiii,"[(0, 2), (3, 11)]"
U30_CLG_VLV,U00_CLG_VLV,biiobiiiiii,"[(0, 3), (4, 11)]"
U30_DAT,U00_DAT,biiobii,"[(0, 3), (4, 7)]"
U30_FAN_SPD,U00_FAN_SPD,biiobiiiiii,"[(0, 3), (4, 11)]"
U30_FCU_FAULT,U00_FCU_FAULT,biiobiiiiiiii,"[(0, 3), (4, 13)]"
U30_HTG_VLV,U00_HTG_VLV,biiobiiiiii,"[(0, 3), (4, 11)]"
U30_RAT,U00_RAT,biiobii,"[(0, 3), (4, 7)]"
U30_TEMP_SPT,U00_TEMP_SPT,biiobiiiiiii,"[(0, 3), (4, 12)]"
U31_CLG_VLV,U00_CLG_VLV,biiobiiiiii,"[(0, 3), (4, 11)]"
U31_DAT,U00_DAT,biiobii,"[(0, 3), (4, 7)]"
U31_FAN_SPD,U00_FAN_SPD,biiobiiiiii,"[(0, 3), (4, 11)]"
U31_FCU_FAULT,U00_FCU_FAULT,biiobiiiiiiii,"[(0, 3), (4, 13)]"
U31_HTG_VLV,U00_HTG_VLV,biiobiiiiii,"[(0, 3), (4, 11)]"
U31_RAT,U00_RAT,biiobii,"[(0, 3), (4, 7)]"
U31_TEMP_SPT,U00_TEMP_SPT,biiobiiiiiii,"[(0, 3), (4, 12)]"
U32_CLG_VLV,U00_CLG_VLV,biiobiiiiii,"[(0, 3), (4, 11)]"
U32_DAT,U00_DAT,biiobii,"[(0, 3), (4, 7)]"
U32_FAN_SPD,U00_FAN_SPD,biiobiiiiii,"[(0, 3), (4, 11)]"
U32_FCU_FAULT,U00_FCU_FAULT,biiobiiiiiiii,"[(0, 3), (4, 13)]"
U32_HTG_VLV,U00_HTG_VLV,biiobiiiiii,"[(0, 3), (4, 11)]"
U32_RAT,U00_RAT,biiobii,"[(0, 3), (4, 7)]"
U32_TEMP_SPT,U00_TEMP_SPT,biiobiiiiiii,"[(0, 3), (4, 12)]"
U33_CLG_VLV,U00_CLG_VLV,biiobiiiiii,"[(0, 3), (4, 11)]"
U33_DAT,U00_DAT,biiobii,"[(0, 3), (4, 7)]"
U33_FAN_SPD,U00_FAN_SPD,biiobiiiiii,"[(0, 3), (4, 11)]"
U33_FCU_FAULT,U00_FCU_FAULT,biiobiiiiiiii,"[(0, 3), (4, 13)]"
U33_HTG_VLV,U00_HTG_VLV,biiobiiiiii,"[(0, 3), (4, 11)]"
U33_RAT,U00_RAT,biiobii,"[(0, 3), (4, 7)]"
U33_TEMP_SPT,U00_TEMP_SPT,biiobiiiiiii,"[(0, 3), (4, 12)]"
U34_CLG_VLV,U00_CLG_VLV,biiobiiiiii,"[(0, 3), (4, 11)]"
U34_DAT,U00_DAT,biiobii,"[(0, 3), (4, 7)]"
U34_FAN_SPD,U00_FAN_SPD,biiobiiiiii,"[(0, 3), (4, 11)]"
U34_FCU_FAULT,U00_FCU_FAULT,biiobiiiiiiii,"[(0, 3), (4, 13)]"
U34_HTG_VLV,U00_HTG_VLV,biiobiiiiii,"[(0, 3), (4, 11)]"
U34_RAT,U00_RAT,biiobii,"[(0, 3), (4, 7)]"
U34_TEMP_SPT,U00_TEMP_SPT,biiobiiiiiii,"[(0, 3), (4, 12)]"
U35_CLG_VLV,U00_CLG_VLV,biiobiiiiii,"[(0, 3), (4, 11)]"
U35_DAT,U00_DAT,biiobii,"[(0, 3), (4, 7)]"
U35_FAN_SPD,U00_FAN_SPD,biiobiiiiii,"[(0, 3), (4, 11)]"
U35_FCU_FAULT,U00_FCU_FAULT,biiobiiiiiiii,"[(0, 3), (4, 13)]"
U35_HTG_VLV,U00_HTG_VLV,biiobiiiiii,"[(0, 3), (4, 11)]"
U35_RAT,U00_RAT,biiobii,"[(0, 3), (4, 7)]"
U35_TEMP_SPT,U00_TEMP_SPT,biiobiiiiiii,"[(0, 3), (4, 12)]"
U36_CLG_VLV,U00_CLG_VLV,biiobiiiiii,"[(0, 3), (4, 11)]"
U36_DAT,U00_DAT,biiobii,"[(0, 3), (4, 7)]"
U36_FAN_SPD,U00_FAN_SPD,biiobiiiiii,"[(0, 3), (4, 11)]"
U36_FCU_FAULT,U00_FCU_FAULT,biiobiiiiiiii,"[(0, 3), (4, 13)]"
U36_HTG_VLV,U00_HTG_VLV,biiobiiiiii,"[(0, 3), (4, 11)]"
U36_RAT,U00_RAT,biiobii,"[(0, 3), (4, 7)]"
U36_TEMP_SPT,U00_TEMP_SPT,biiobiiiiiii,"[(0, 3), (4, 12)]"
U37_CLG_VLV,U00_CLG_VLV,biiobiiiiii,"[(0, 3), (4, 11)]"
U37_DAT,U00_DAT,biiobii,"[(0, 3), (4, 7)]"
U37_FAN_SPD,U00_FAN_SPD,biiobiiiiii,"[(0, 3), (4, 11)]"
U37_FCU_FAULT,U00_FCU_FAULT,biiobiiiiiiii,"[(0, 3), (4, 13)]"
U37_HTG_VLV,U00_HTG_VLV,biiobiiiiii,"[(0, 3), (4, 11)]"
U37_RAT,U00_RAT,biiobii,"[(0, 3), (4, 7)]"
U37_TEMP_SPT,U00_TEMP_SPT,biiobiiiiiii,"[(0, 3), (4, 12)]"
U38_CLG_VLV,U00_CLG_VLV,biiobiiiiii,"[(0, 3), (4, 11)]"
U38_DAT,U00_DAT,biiobii,"[(0, 3), (4, 7)]"
U38_FAN_SPD,U00_FAN_SPD,biiobiiiiii,"[(0, 3), (4, 11)]"
U38_FCU_FAULT,U00_FCU_FAULT,biiobiiiiiiii,"[(0, 3), (4, 13)]"
U38_HTG_VLV,U00_HTG_VLV,biiobiiiiii,"[(0, 3), (4, 11)]"
U38_RAT,U00_RAT,biiobii,"[(0, 3), (4, 7)]"
U38_TEMP_SPT,U00_TEMP_SPT,biiobiiiiiii,"[(0, 3), (4, 12)]"
U39_CLG_VLV,U00_CLG_VLV,biiobiiiiii,"[(0, 3), (4, 11)]"
U39_DAT,U00_DAT,biiobii,"[(0, 3), (4, 7)]"
U39_FAN_SPD,U00_FAN_SPD,biiobiiiiii,"[(0, 3), (4, 11)]"
U39_FCU_FAULT,U00_FCU_FAULT,biiobiiiiiiii,"[(0, 3), (4, 13)]"
U39_HTG_VLV,U00_HTG_VLV,biiobiiiiii,"[(0, 3), (4, 11)]"
U39_RAT,U00_RAT,biiobii,"[(0, 3), (4, 7)]"
U39_TEMP_SPT,U00_TEMP_SPT,biiobiiiiiii,"[(0, 3), (4, 12)]"
U3_CLG_VLV,U0_CLG_VLV,biobiiiiii,"[(0, 2), (3, 10)]"
U3_DAT,U0_DAT,biobii,"[(0, 2), (3, 6)]"
U3_FAN_SPD,U0_FAN_SPD,biobiiiiii,"[(0, 2), (3, 10)]"
U3_FCU_FAULT,U0_FCU_FAULT,biobiiiiiiii,"[(0, 2), (3, 12)]"
U3_HTG_VLV,U0_HTG_VLV,biobiiiiii,"[(0, 2), (3, 10)]"
U3_RAT,U0_RAT,biobii,"[(0, 2), (3, 6)]"
U3_TEMP_SPT,U0_TEMP_SPT,biobiiiiiii,"[(0, 2), (3, 11)]"
U4_CLG_VLV,U0_CLG_VLV,biobiiiiii,"[(0, 2), (3, 10)]"
U4_DAT,U0_DAT,biobii,"[(0, 2), (3, 6)]"
U4_FAN_SPD,U0_FAN_SPD,biobiiiiii,"[(0, 2), (3, 10)]"
U4_FCU_FAULT,U0_FCU_FAULT,biobiiiiiiii,"[(0, 2), (3, 12)]"
U4_HTG_VLV,U0_HTG_VLV,biobiiiiii,"[(0, 2), (3, 10)]"
U4_RAT,U0_RAT,biobii,"[(0, 2), (3, 6)]"
U4_TEMP_SPT,U0_TEMP_SPT,biobiiiiiii,"[(0, 2), (3, 11)]"
U5_CLG_VLV,U0_CLG_VLV,biobiiiiii,"[(0, 2), (3, 10)]"
U5_DAT,U0_DAT,biobii,"[(0, 2), (3, 6)]"
U5_FAN_SPD,U0_FAN_SPD,biobiiiiii,"[(0, 2), (3, 10)]"
U5_FCU_FAULT,U0_FCU_FAULT,biobiiiiiiii,"[(0, 2), (3, 12)]"
U5_HTG_VLV,U0_HTG_VLV,biobiiiiii,"[(0, 2), (3, 10)]"
U5_RAT,U0_RAT,biobii,"[(0, 2), (3, 6)]"
U5_TEMP_SPT,U0_TEMP_SPT,biobiiiiiii,"[(0, 2), (3, 11)]"
U6_CLG_VLV,U0_CLG_VLV,biobiiiiii,"[(0, 2), (3, 10)]"
U6_DAT,U0_DAT,biobii,"[(0, 2), (3, 6)]"
U6_FAN_SPD,U0_FAN_SPD,biobiiiiii,"[(0, 2), (3, 10)]"
U6_FCU_FAULT,U0_FCU_FAULT,biobiiiiiiii,"[(0, 2), (3, 12)]"
U6_HTG_VLV,U0_HTG_VLV,biobiiiiii,"[(0, 2), (3, 10)]"
U6_RAT,U0_RAT,biobii,"[(0, 2), (3, 6)]"
U6_TEMP_SPT,U0_TEMP_SPT,biobiiiiiii,"[(0, 2), (3, 11)]"
U7_CLG_VLV,U0_CLG_VLV,biobiiiiii,"[(0, 2), (3, 10)]"
U7_DAT,U0_DAT,biobii,"[(0, 2), (3, 6)]"
U7_FAN_SPD,U0_FAN_SPD,biobiiiiii,"[(0, 2), (3, 10)]"
U7_FCU_FAULT,U0_FCU_FAULT,biobiiiiiiii,"[(0, 2), (3, 12)]"
U7_HTG_VLV,U0_HTG_VLV,biobiiiiii,"[(0, 2), (3, 10)]"
U7_RAT,U0_RAT,biobii,"[(0, 2), (3, 6)]"
U7_TEMP_SPT,U0_TEMP_SPT,biobiiiiiii,"[(0, 2), (3, 11)]"
U8_CLG_VLV,U0_CLG_VLV,biobiiiiii,"[(0, 2), (3, 10)]"
U8_DAT,U0_DAT,biobii,"[(0, 2), (3, 6)]"
U8_FAN_SPD,U0_FAN_SPD,biobiiiiii,"[(0, 2), (3, 10)]"
U8_FCU_FAULT,U0_FCU_FAULT,biobiiiiiiii,"[(0, 2), (3, 12)]"
U8_HTG_VLV,U0_HTG_VLV,biobiiiiii,"[(0, 2), (3, 10)]"
U8_RAT,U0_RAT,biobii,"[(0, 2), (3, 6)]"
U8_TEMP_SPT,U0_TEMP_SPT,biobiiiiiii,"[(0, 2), (3, 11)]"
U9_CLG_VLV,U0_CLG_VLV,biobiiiiii,"[(0, 2), (3, 10)]"
U9_DAT,U0_DAT,biobii,"[(0, 2), (3, 6)]"
U9_FAN_SPD,U0_FAN_SPD,biobiiiiii,"[(0, 2), (3, 10)]"
U9_FCU_FAULT,U0_FCU_FAULT,biobiiiiiiii,"[(0, 2), (3, 12)]"
U9_HTG_VLV,U0_HTG_VLV,biobiiiiii,"[(0, 2), (3, 10)]"
U9_RAT,U0_RAT,biobii,"[(0, 2), (3, 6)]"
U9_TEMP_SPT,U0_TEMP_SPT,biobiiiiiii,"[(0, 2), (3, 11)]"
U10_CLG_VLV,U00_CLG_VLV,biiobiiiiii,"[(0, 3), (4, 11)]"
U10_DAT,U00_DAT,biiobii,"[(0, 3), (4, 7)]"
U10_FAN_SPD,U00_FAN_SPD,biiobiiiiii,"[(0, 3), (4, 11)]"
U10_FCU_FAULT,U00_FCU_FAULT,biiobiiiiiiii,"[(0, 3), (4, 13)]"
U10_HTG_VLV,U00_HTG_VLV,biiobiiiiii,"[(0, 3), (4, 11)]"
U10_RAT,U00_RAT,biiobii,"[(0, 3), (4, 7)]"
U10_TEMP_SPT,U00_TEMP_SPT,biiobiiiiiii,"[(0, 3), (4, 12)]"
U11_CLG_VLV,U00_CLG_VLV,biiobiiiiii,"[(0, 3), (4, 11)]"
U11_DAT,U00_DAT,biiobii,"[(0, 3), (4, 7)]"
U11_FAN_SPD,U00_FAN_SPD,biiobiiiiii,"[(0, 3), (4, 11)]"
U11_FCU_FAULT,U00_FCU_FAULT,biiobiiiiiiii,"[(0, 3), (4, 13)]"
U11_HTG_VLV,U00_HTG_VLV,biiobiiiiii,"[(0, 3), (4, 11)]"
U11_RAT,U00_RAT,biiobii,"[(0, 3), (4, 7)]"
U11_TEMP_SPT,U00_TEMP_SPT,biiobiiiiiii,"[(0, 3), (4, 12)]"
U12_CLG_VLV,U00_CLG_VLV,biiobiiiiii,"[(0, 3), (4, 11)]"
U12_DAT,U00_DAT,biiobii,"[(0, 3), (4, 7)]"
U12_FAN_SPD,U00_FAN_SPD,biiobiiiiii,"[(0, 3), (4, 11)]"
U12_FCU_FAULT,U00_FCU_FAULT,biiobiiiiiiii,"[(0, 3), (4, 13)]"
U12_HTG_VLV,U00_HTG_VLV,biiobiiiiii,"[(0, 3), (4, 11)]"
U12_RAT,U00_RAT,biiobii,"[(0, 3), (4, 7)]"
U12_TEMP_SPT,U00_TEMP_SPT,biiobiiiiiii,"[(0, 3), (4, 12)]"
U13_CLG_VLV,U00_CLG_VLV,biiobiiiiii,"[(0, 3), (4, 11)]"
U13_DAT,U00_DAT,biiobii,"[(0, 3), (4, 7)]"
U13_FAN_SPD,U00_FAN_SPD,biiobiiiiii,"[(0, 3), (4, 11)]"
U13_FCU_FAULT,U00_FCU_FAULT,biiobiiiiiiii,"[(0, 3), (4, 13)]"
U13_HTG_VLV,U00_HTG_VLV,biiobiiiiii,"[(0, 3), (4, 11)]"
U13_RAT,U00_RAT,biiobii,"[(0, 3), (4, 7)]"
U13_TEMP_SPT,U00_TEMP_SPT,biiobiiiiiii,"[(0, 3), (4, 12)]"
U14_CLG_VLV,U00_CLG_VLV,biiobiiiiii,"[(0, 3), (4, 11)]"
U14_DAT,U00_DAT,biiobii,"[(0, 3), (4, 7)]"
U14_FAN_SPD,U00_FAN_SPD,biiobiiiiii,"[(0, 3), (4, 11)]"
U14_FCU_FAULT,U00_FCU_FAULT,biiobiiiiiiii,"[(0, 3), (4, 13)]"
U14_HTG_VLV,U00_HTG_VLV,biiobiiiiii,"[(0, 3), (4, 11)]"
U14_RAT,U00_RAT,biiobii,"[(0, 3), (4, 7)]"
U14_TEMP_SPT,U00_TEMP_SPT,biiobiiiiiii,"[(0, 3), (4, 12)]"
U15_CLG_VLV,U00_CLG_VLV,biiobiiiiii,"[(0, 3), (4, 11)]"
U15_DAT,U00_DAT,biiobii,"[(0, 3), (4, 7)]"
U15_FAN_SPD,U00_FAN_SPD,biiobiiiiii,"[(0, 3), (4, 11)]"
U15_FCU_FAULT,U00_FCU_FAULT,biiobiiiiiiii,"[(0, 3), (4, 13)]"
U15_HTG_VLV,U00_HTG_VLV,biiobiiiiii,"[(0, 3), (4, 11)]"
U15_RAT,U00_RAT,biiobii,"[(0, 3), (4, 7)]"
U15_TEMP_SPT,U00_TEMP_SPT,biiobiiiiiii,"[(0, 3), (4, 12)]"
U16_CLG_VLV,U00_CLG_VLV,biiobiiiiii,"[(0, 3), (4, 11)]"
U16_DAT,U00_DAT,biiobii,"[(0, 3), (4, 7)]"
U16_FAN_SPD,U00_FAN_SPD,biiobiiiiii,"[(0, 3), (4, 11)]"
U16_FCU_FAULT,U00_FCU_FAULT,biiobiiiiiiii,"[(0, 3), (4, 13)]"
U16_HTG_VLV,U00_HTG_VLV,biiobiiiiii,"[(0, 3), (4, 11)]"
U16_RAT,U00_RAT,biiobii,"[(0, 3), (4, 7)]"
U16_TEMP_SPT,U00_TEMP_SPT,biiobiiiiiii,"[(0, 3), (4, 12)]"
U17_CLG_VLV,U00_CLG_VLV,biiobiiiiii,"[(0, 3), (4, 11)]"
U17_DAT,U00_DAT,biiobii,"[(0, 3), (4, 7)]"
U17_FAN_SPD,U00_FAN_SPD,biiobiiiiii,"[(0, 3), (4, 11)]"
U17_FCU_FAULT,U00_FCU_FAULT,biiobiiiiiiii,"[(0, 3), (4, 13)]"
U17_HTG_VLV,U00_HTG_VLV,biiobiiiiii,"[(0, 3), (4, 11)]"
U17_RAT,U00_RAT,biiobii,"[(0, 3), (4, 7)]"
U17_TEMP_SPT,U00_TEMP_SPT,biiobiiiiiii,"[(0, 3), (4, 12)]"
U18_CLG_VLV,U00_CLG_VLV,biiobiiiiii,"[(0, 3), (4, 11)]"
U18_DAT,U00_DAT,biiobii,"[(0, 3), (4, 7)]"
U18_FAN_SPD,U00_FAN_SPD,biiobiiiiii,"[(0, 3), (4, 11)]"
U18_FCU_FAULT,U00_FCU_FAULT,biiobiiiiiiii,"[(0, 3), (4, 13)]"
U18_HTG_VLV,U00_HTG_VLV,biiobiiiiii,"[(0, 3), (4, 11)]"
U18_RAT,U00_RAT,biiobii,"[(0, 3), (4, 7)]"
U18_TEMP_SPT,U00_TEMP_SPT,biiobiiiiiii,"[(0, 3), (4, 12)]"
U19_CLG_VLV,U00_CLG_VLV,biiobiiiiii,"[(0, 3), (4, 11)]"
U19_DAT,U00_DAT,biiobii,"[(0, 3), (4, 7)]"
U19_FAN_SPD,U00_FAN_SPD,biiobiiiiii,"[(0, 3), (4, 11)]"
U19_FCU_FAULT,U00_FCU_FAULT,biiobiiiiiiii,"[(0, 3), (4, 13)]"
U19_HTG_VLV,U00_HTG_VLV,biiobiiiiii,"[(0, 3), (4, 11)]"
U19_RAT,U00_RAT,biiobii,"[(0, 3), (4, 7)]"
U19_TEMP_SPT,U00_TEMP_SPT,biiobiiiiiii,"[(0, 3), (4, 12)]"
U1_CLG_VLV,U0_CLG_VLV,biobiiiiii,"[(0, 2), (3, 10)]"
U1_DAT,U0_DAT,biobii,"[(0, 2), (3, 6)]"
U1_FAN_SPD,U0_FAN_SPD,biobiiiiii,"[(0, 2), (3, 10)]"
U1_FCU_FAULT,U0_FCU_FAULT,biobiiiiiiii,"[(0, 2), (3, 12)]"
U1_HTG_VLV,U0_HTG_VLV,biobiiiiii,"[(0, 2), (3, 10)]"
U1_RAT,U0_RAT,biobii,"[(0, 2), (3, 6)]"
U1_TEMP_SPT,U0_TEMP_SPT,biobiiiiiii,"[(0, 2), (3, 11)]"
U2_CLG_VLV,U0_CLG_VLV,biobiiiiii,"[(0, 2), (3, 10)]"
U2_DAT,U0_DAT,biobii,"[(0, 2), (3, 6)]"
U2_FAN_SPD,U0_FAN_SPD,biobiiiiii,"[(0, 2), (3, 10)]"
U2_FCU_FAULT,U0_FCU_FAULT,biobiiiiiiii,"[(0, 2), (3, 12)]"
U2_HTG_VLV,U0_HTG_VLV,biobiiiiii,"[(0, 2), (3, 10)]"
U2_RAT,U0_RAT,biobii,"[(0, 2), (3, 6)]"
U2_TEMP_SPT,U0_TEMP_SPT,biobiiiiiii,"[(0, 2), (3, 11)]"
U3_CLG_VLV,U0_CLG_VLV,biobiiiiii,"[(0, 2), (3, 10)]"
U3_DAT,U0_DAT,biobii,"[(0, 2), (3, 6)]"
U3_FAN_SPD,U0_FAN_SPD,biobiiiiii,"[(0, 2), (3, 10)]"
U3_FCU_FAULT,U0_FCU_FAULT,biobiiiiiiii,"[(0, 2), (3, 12)]"
U3_HTG_VLV,U0_HTG_VLV,biobiiiiii,"[(0, 2), (3, 10)]"
U3_RAT,U0_RAT,biobii,"[(0, 2), (3, 6)]"
U3_TEMP_SPT,U0_TEMP_SPT,biobiiiiiii,"[(0, 2), (3, 11)]"
U4_CLG_VLV,U0_CLG_VLV,biobiiiiii,"[(0, 2), (3, 10)]"
U4_DAT,U0_DAT,biobii,"[(0, 2), (3, 6)]"
U4_FAN_SPD,U0_FAN_SPD,biobiiiiii,"[(0, 2), (3, 10)]"
U4_FCU_FAULT,U0_FCU_FAULT,biobiiiiiiii,"[(0, 2), (3, 12)]"
U4_HTG_VLV,U0_HTG_VLV,biobiiiiii,"[(0, 2), (3, 10)]"
U4_RAT,U0_RAT,biobii,"[(0, 2), (3, 6)]"
U4_TEMP_SPT,U0_TEMP_SPT,biobiiiiiii,"[(0, 2), (3, 11)]"
U5_CLG_VLV,U0_CLG_VLV,biobiiiiii,"[(0, 2), (3, 10)]"
U5_DAT,U0_DAT,biobii,"[(0, 2), (3, 6)]"
U5_FAN_SPD,U0_FAN_SPD,biobiiiiii,"[(0, 2), (3, 10)]"
U5_FCU_FAULT,U0_FCU_FAULT,biobiiiiiiii,"[(0, 2), (3, 12)]"
U5_HTG_VLV,U0_HTG_VLV,biobiiiiii,"[(0, 2), (3, 10)]"
U5_RAT,U0_RAT,biobii,"[(0, 2), (3, 6)]"
U5_TEMP_SPT,U0_TEMP_SPT,biobiiiiiii,"[(0, 2), (3, 11)]"
U6_CLG_VLV,U0_CLG_VLV,biobiiiiii,"[(0, 2), (3, 10)]"
U6_DAT,U0_DAT,biobii,"[(0, 2), (3, 6)]"
U6_FAN_SPD,U0_FAN_SPD,biobiiiiii,"[(0, 2), (3, 10)]"
U6_FCU_FAULT,U0_FCU_FAULT,biobiiiiiiii,"[(0, 2), (3, 12)]"
U6_HTG_VLV,U0_HTG_VLV,biobiiiiii,"[(0, 2), (3, 10)]"
U6_RAT,U0_RAT,biobii,"[(0, 2), (3, 6)]"
U6_TEMP_SPT,U0_TEMP_SPT,biobiiiiiii,"[(0, 2), (3, 11)]"
U7_CLG_VLV,U0_CLG_VLV,biobiiiiii,"[(0, 2), (3, 10)]"
U7_DAT,U0_DAT,biobii,"[(0, 2), (3, 6)]"
U7_FAN_SPD,U0_FAN_SPD,biobiiiiii,"[(0, 2), (3, 10)]"
U7_FCU_FAULT,U0_FCU_FAULT,biobiiiiiiii,"[(0, 2), (3, 12)]"
U7_HTG_VLV,U0_HTG_VLV,biobiiiiii,"[(0, 2), (3, 10)]"
U7_RAT,U0_RAT,biobii,"[(0, 2), (3, 6)]"
U7_TEMP_SPT,U0_TEMP_SPT,biobiiiiiii,"[(0, 2), (3, 11)]"
U8_CLG_VLV,U0_CLG_VLV,biobiiiiii,"[(0, 2), (3, 10)]"
U8_DAT,U0_DAT,biobii,"[(0, 2), (3, 6)]"
U8_FAN_SPD,U0_FAN_SPD,biobiiiiii,"[(0, 2), (3, 10)]"
U8_FCU_FAULT,U0_FCU_FAULT,biobiiiiiiii,"[(0, 2), (3, 12)]"
U8_HTG_VLV,U0_HTG_VLV,biobiiiiii,"[(0, 2), (3, 10)]"
U8_RAT,U0_RAT,biobii,"[(0, 2), (3, 6)]"
U8_TEMP_SPT,U0_TEMP_SPT,biobiiiiiii,"[(0, 2), (3, 11)]"
U9_CLG_VLV,U0_CLG_VLV,biobiiiiii,"[(0, 2), (3, 10)]"
U9_DAT,U0_DAT,biobii,"[(0, 2), (3, 6)]"
U9_FAN_SPD,U0_FAN_SPD,biobiiiiii,"[(0, 2), (3, 10)]"
U9_FCU_FAULT,U0_FCU_FAULT,biobiiiiiiii,"[(0, 2), (3, 12)]"
U9_HTG_VLV,U0_HTG_VLV,biobiiiiii,"[(0, 2), (3, 10)]"
U9_RAT,U0_RAT,biobii,"[(0, 2), (3, 6)]"
U9_TEMP_SPT,U0_TEMP_SPT,biobiiiiiii,"[(0, 2), (3, 11)]"
U10_CLG_VLV,U00_CLG_VLV,biiobiiiiii,"[(0, 3), (4, 11)]"
U10_DAT,U00_DAT,biiobii,"[(0, 3), (4, 7)]"
U10_FAN_SPD,U00_FAN_SPD,biiobiiiiii,"[(0, 3), (4, 11)]"
U10_FCU_FAULT,U00_FCU_FAULT,biiobiiiiiiii,"[(0, 3), (4, 13)]"
U10_HTG_VLV,U00_HTG_VLV,biiobiiiiii,"[(0, 3), (4, 11)]"
U10_RAT,U00_RAT,biiobii,"[(0, 3), (4, 7)]"
U10_TEMP_SPT,U00_TEMP_SPT,biiobiiiiiii,"[(0, 3), (4, 12)]"
U11_CLG_VLV,U00_CLG_VLV,biiobiiiiii,"[(0, 3), (4, 11)]"
U11_DAT,U00_DAT,biiobii,"[(0, 3), (4, 7)]"
U11_FAN_SPD,U00_FAN_SPD,biiobiiiiii,"[(0, 3), (4, 11)]"
U11_FCU_FAULT,U00_FCU_FAULT,biiobiiiiiiii,"[(0, 3), (4, 13)]"
U11_HTG_VLV,U00_HTG_VLV,biiobiiiiii,"[(0, 3), (4, 11)]"
U11_RAT,U00_RAT,biiobii,"[(0, 3), (4, 7)]"
U11_TEMP_SPT,U00_TEMP_SPT,biiobiiiiiii,"[(0, 3), (4, 12)]"
U12_CLG_VLV,U00_CLG_VLV,biiobiiiiii,"[(0, 3), (4, 11)]"
U12_DAT,U00_DAT,biiobii,"[(0, 3), (4, 7)]"
U12_FAN_SPD,U00_FAN_SPD,biiobiiiiii,"[(0, 3), (4, 11)]"
U12_FCU_FAULT,U00_FCU_FAULT,biiobiiiiiiii,"[(0, 3), (4, 13)]"
U12_HTG_VLV,U00_HTG_VLV,biiobiiiiii,"[(0, 3), (4, 11)]"
U12_RAT,U00_RAT,biiobii,"[(0, 3), (4, 7)]"
U12_TEMP_SPT,U00_TEMP_SPT,biiobiiiiiii,"[(0, 3), (4, 12)]"
U13_CLG_VLV,U00_CLG_VLV,biiobiiiiii,"[(0, 3), (4, 11)]"
U13_DAT,U00_DAT,biiobii,"[(0, 3), (4, 7)]"
U13_FAN_SPD,U00_FAN_SPD,biiobiiiiii,"[(0, 3), (4, 11)]"
U13_FCU_FAULT,U00_FCU_FAULT,biiobiiiiiiii,"[(0, 3), (4, 13)]"
U13_HTG_VLV,U00_HTG_VLV,biiobiiiiii,"[(0, 3), (4, 11)]"
U13_RAT,U00_RAT,biiobii,"[(0, 3), (4, 7)]"
U13_TEMP_SPT,U00_TEMP_SPT,biiobiiiiiii,"[(0, 3), (4, 12)]"
U14_CLG_VLV,U00_CLG_VLV,biiobiiiiii,"[(0, 3), (4, 11)]"
U14_DAT,U00_DAT,biiobii,"[(0, 3), (4, 7)]"
U14_FAN_SPD,U00_FAN_SPD,biiobiiiiii,"[(0, 3), (4, 11)]"
U14_FCU_FAULT,U00_FCU_FAULT,biiobiiiiiiii,"[(0, 3), (4, 13)]"
U14_HTG_VLV,U00_HTG_VLV,biiobiiiiii,"[(0, 3), (4, 11)]"
U14_RAT,U00_RAT,biiobii,"[(0, 3), (4, 7)]"
U14_TEMP_SPT,U00_TEMP_SPT,biiobiiiiiii,"[(0, 3), (4, 12)]"
U15_CLG_VLV,U00_CLG_VLV,biiobiiiiii,"[(0, 3), (4, 11)]"
U15_DAT,U00_DAT,biiobii,"[(0, 3), (4, 7)]"
U15_FAN_SPD,U00_FAN_SPD,biiobiiiiii,"[(0, 3), (4, 11)]"
U15_FCU_FAULT,U00_FCU_FAULT,biiobiiiiiiii,"[(0, 3), (4, 13)]"
U15_HTG_VLV,U00_HTG_VLV,biiobiiiiii,"[(0, 3), (4, 11)]"
U15_RAT,U00_RAT,biiobii,"[(0, 3), (4, 7)]"
U15_TEMP_SPT,U00_TEMP_SPT,biiobiiiiiii,"[(0, 3), (4, 12)]"
U16_CLG_VLV,U00_CLG_VLV,biiobiiiiii,"[(0, 3), (4, 11)]"
U16_DAT,U00_DAT,biiobii,"[(0, 3), (4, 7)]"
U16_FAN_SPD,U00_FAN_SPD,biiobiiiiii,"[(0, 3), (4, 11)]"
U16_FCU_FAULT,U00_FCU_FAULT,biiobiiiiiiii,"[(0, 3), (4, 13)]"
U16_HTG_VLV,U00_HTG_VLV,biiobiiiiii,"[(0, 3), (4, 11)]"
U16_RAT,U00_RAT,biiobii,"[(0, 3), (4, 7)]"
U16_TEMP_SPT,U00_TEMP_SPT,biiobiiiiiii,"[(0, 3), (4, 12)]"
U17_CLG_VLV,U00_CLG_VLV,biiobiiiiii,"[(0, 3), (4, 11)]"
U17_DAT,U00_DAT,biiobii,"[(0, 3), (4, 7)]"
U17_FAN_SPD,U00_FAN_SPD,biiobiiiiii,"[(0, 3), (4, 11)]"
U17_FCU_FAULT,U00_FCU_FAULT,biiobiiiiiiii,"[(0, 3), (4, 13)]"
U17_HTG_VLV,U00_HTG_VLV,biiobiiiiii,"[(0, 3), (4, 11)]"
U17_RAT,U00_RAT,biiobii,"[(0, 3), (4, 7)]"
U17_TEMP_SPT,U00_TEMP_SPT,biiobiiiiiii,"[(0, 3), (4, 12)]"
U18_CLG_VLV,U00_CLG_VLV,biiobiiiiii,"[(0, 3), (4, 11)]"
U18_DAT,U00_DAT,biiobii,"[(0, 3), (4, 7)]"
U18_FAN_SPD,U00_FAN_SPD,biiobiiiiii,"[(0, 3), (4, 11)]"
U18_FCU_FAULT,U00_FCU_FAULT,biiobiiiiiiii,"[(0, 3), (4, 13)]"
U18_HTG_VLV,U00_HTG_VLV,biiobiiiiii,"[(0, 3), (4, 11)]"
U18_RAT,U00_RAT,biiobii,"[(0, 3), (4, 7)]"
U18_TEMP_SPT,U00_TEMP_SPT,biiobiiiiiii,"[(0, 3), (4, 12)]"
U19_CLG_VLV,U00_CLG_VLV,biiobiiiiii,"[(0, 3), (4, 11)]"
U19_DAT,U00_DAT,biiobii,"[(0, 3), (4, 7)]"
U19_FAN_SPD,U00_FAN_SPD,biiobiiiiii,"[(0, 3), (4, 11)]"
U19_FCU_FAULT,U00_FCU_FAULT,biiobiiiiiiii,"[(0, 3), (4, 13)]"
U19_HTG_VLV,U00_HTG_VLV,biiobiiiiii,"[(0, 3), (4, 11)]"
U19_RAT,U00_RAT,biiobii,"[(0, 3), (4, 7)]"
U19_TEMP_SPT,U00_TEMP_SPT,biiobiiiiiii,"[(0, 3), (4, 12)]"
U1_CLG_VLV,U0_CLG_VLV,biobiiiiii,"[(0, 2), (3, 10)]"
U1_DAT,U0_DAT,biobii,"[(0, 2), (3, 6)]"
U1_FAN_SPD,U0_FAN_SPD,biobiiiiii,"[(0, 2), (3, 10)]"
U1_FCU_FAULT,U0_FCU_FAULT,biobiiiiiiii,"[(0, 2), (3, 12)]"
U1_HTG_VLV,U0_HTG_VLV,biobiiiiii,"[(0, 2), (3, 10)]"
U1_RAT,U0_RAT,biobii,"[(0, 2), (3, 6)]"
U1_TEMP_SPT,U0_TEMP_SPT,biobiiiiiii,"[(0, 2), (3, 11)]"
U20_CLG_VLV,U00_CLG_VLV,biiobiiiiii,"[(0, 3), (4, 11)]"
U20_DAT,U00_DAT,biiobii,"[(0, 3), (4, 7)]"
U20_FAN_SPD,U00_FAN_SPD,biiobiiiiii,"[(0, 3), (4, 11)]"
U20_FCU_FAULT,U00_FCU_FAULT,biiobiiiiiiii,"[(0, 3), (4, 13)]"
U20_HTG_VLV,U00_HTG_VLV,biiobiiiiii,"[(0, 3), (4, 11)]"
U20_RAT,U00_RAT,biiobii,"[(0, 3), (4, 7)]"
U20_TEMP_SPT,U00_TEMP_SPT,biiobiiiiiii,"[(0, 3), (4, 12)]"
U21_CLG_VLV,U00_CLG_VLV,biiobiiiiii,"[(0, 3), (4, 11)]"
U21_DAT,U00_DAT,biiobii,"[(0, 3), (4, 7)]"
U21_FAN_SPD,U00_FAN_SPD,biiobiiiiii,"[(0, 3), (4, 11)]"
U21_FCU_FAULT,U00_FCU_FAULT,biiobiiiiiiii,"[(0, 3), (4, 13)]"
U21_HTG_VLV,U00_HTG_VLV,biiobiiiiii,"[(0, 3), (4, 11)]"
U21_RAT,U00_RAT,biiobii,"[(0, 3), (4, 7)]"
U21_TEMP_SPT,U00_TEMP_SPT,biiobiiiiiii,"[(0, 3), (4, 12)]"
U22_CLG_VLV,U00_CLG_VLV,biiobiiiiii,"[(0, 3), (4, 11)]"
U22_DAT,U00_DAT,biiobii,"[(0, 3), (4, 7)]"
U22_FAN_SPD,U00_FAN_SPD,biiobiiiiii,"[(0, 3), (4, 11)]"
U22_FCU_FAULT,U00_FCU_FAULT,biiobiiiiiiii,"[(0, 3), (4, 13)]"
U22_HTG_VLV,U00_HTG_VLV,biiobiiiiii,"[(0, 3), (4, 11)]"
U22_RAT,U00_RAT,biiobii,"[(0, 3), (4, 7)]"
U22_TEMP_SPT,U00_TEMP_SPT,biiobiiiiiii,"[(0, 3), (4, 12)]"
U23_CLG_VLV,U00_CLG_VLV,biiobiiiiii,"[(0, 3), (4, 11)]"
U23_DAT,U00_DAT,biiobii,"[(0, 3), (4, 7)]"
U23_FAN_SPD,U00_FAN_SPD,biiobiiiiii,"[(0, 3), (4, 11)]"
U23_FCU_FAULT,U00_FCU_FAULT,biiobiiiiiiii,"[(0, 3), (4, 13)]"
U23_HTG_VLV,U00_HTG_VLV,biiobiiiiii,"[(0, 3), (4, 11)]"
U23_RAT,U00_RAT,biiobii,"[(0, 3), (4, 7)]"
U23_TEMP_SPT,U00_TEMP_SPT,biiobiiiiiii,"[(0, 3), (4, 12)]"
U24_CLG_VLV,U00_CLG_VLV,biiobiiiiii,"[(0, 3), (4, 11)]"
U24_DAT,U00_DAT,biiobii,"[(0, 3), (4, 7)]"
U24_FAN_SPD,U00_FAN_SPD,biiobiiiiii,"[(0, 3), (4, 11)]"
U24_FCU_FAULT,U00_FCU_FAULT,biiobiiiiiiii,"[(0, 3), (4, 13)]"
U24_HTG_VLV,U00_HTG_VLV,biiobiiiiii,"[(0, 3), (4, 11)]"
U24_RAT,U00_RAT,biiobii,"[(0, 3), (4, 7)]"
U24_TEMP_SPT,U00_TEMP_SPT,biiobiiiiiii,"[(0, 3), (4, 12)]"
U25_CLG_VLV,U00_CLG_VLV,biiobiiiiii,"[(0, 3), (4, 11)]"
U25_DAT,U00_DAT,biiobii,"[(0, 3), (4, 7)]"
U25_FAN_SPD,U00_FAN_SPD,biiobiiiiii,"[(0, 3), (4, 11)]"
U25_FCU_FAULT,U00_FCU_FAULT,biiobiiiiiiii,"[(0, 3), (4, 13)]"
U25_HTG_VLV,U00_HTG_VLV,biiobiiiiii,"[(0, 3), (4, 11)]"
U25_RAT,U00_RAT,biiobii,"[(0, 3), (4, 7)]"
U25_TEMP_SPT,U00_TEMP_SPT,biiobiiiiiii,"[(0, 3), (4, 12)]"
U26_CLG_VLV,U00_CLG_VLV,biiobiiiiii,"[(0, 3), (4, 11)]"
U26_DAT,U00_DAT,biiobii,"[(0, 3), (4, 7)]"
U26_FAN_SPD,U00_FAN_SPD,biiobiiiiii,"[(0, 3), (4, 11)]"
U26_FCU_FAULT,U00_FCU_FAULT,biiobiiiiiiii,"[(0, 3), (4, 13)]"
U26_HTG_VLV,U00_HTG_VLV,biiobiiiiii,"[(0, 3), (4, 11)]"
U26_RAT,U00_RAT,biiobii,"[(0, 3), (4, 7)]"
U26_TEMP_SPT,U00_TEMP_SPT,biiobiiiiiii,"[(0, 3), (4, 12)]"
U27_CLG_VLV,U00_CLG_VLV,biiobiiiiii,"[(0, 3), (4, 11)]"
U27_DAT,U00_DAT,biiobii,"[(0, 3), (4, 7)]"
U27_FAN_SPD,U00_FAN_SPD,biiobiiiiii,"[(0, 3), (4, 11)]"
U27_FCU_FAULT,U00_FCU_FAULT,biiobiiiiiiii,"[(0, 3), (4, 13)]"
U27_HTG_VLV,U00_HTG_VLV,biiobiiiiii,"[(0, 3), (4, 11)]"
U27_RAT,U00_RAT,biiobii,"[(0, 3), (4, 7)]"
U27_TEMP_SPT,U00_TEMP_SPT,biiobiiiiiii,"[(0, 3), (4, 12)]"
U28_CLG_VLV,U00_CLG_VLV,biiobiiiiii,"[(0, 3), (4, 11)]"
U28_DAT,U00_DAT,biiobii,"[(0, 3), (4, 7)]"
U28_FAN_SPD,U00_FAN_SPD,biiobiiiiii,"[(0, 3), (4, 11)]"
U28_FCU_FAULT,U00_FCU_FAULT,biiobiiiiiiii,"[(0, 3), (4, 13)]"
U28_HTG_VLV,U00_HTG_VLV,biiobiiiiii,"[(0, 3), (4, 11)]"
U28_RAT,U00_RAT,biiobii,"[(0, 3), (4, 7)]"
U28_TEMP_SPT,U00_TEMP_SPT,biiobiiiiiii,"[(0, 3), (4, 12)]"
U29_CLG_VLV,U00_CLG_VLV,biiobiiiiii,"[(0, 3), (4, 11)]"
U29_DAT,U00_DAT,biiobii,"[(0, 3), (4, 7)]"
U29_FAN_SPD,U00_FAN_SPD,biiobiiiiii,"[(0, 3), (4, 11)]"
U29_FCU_FAULT,U00_FCU_FAULT,biiobiiiiiiii,"[(0, 3), (4, 13)]"
U29_HTG_VLV,U00_HTG_VLV,biiobiiiiii,"[(0, 3), (4, 11)]"
U29_RAT,U00_RAT,biiobii,"[(0, 3), (4, 7)]"
U29_TEMP_SPT,U00_TEMP_SPT,biiobiiiiiii,"[(0, 3), (4, 12)]"
U2_CLG_VLV,U0_CLG_VLV,biobiiiiii,"[(0, 2), (3, 10)]"
U2_DAT,U0_DAT,biobii,"[(0, 2), (3, 6)]"
U2_FAN_SPD,U0_FAN_SPD,biobiiiiii,"[(0, 2), (3, 10)]"
U2_FCU_FAULT,U0_FCU_FAULT,biobiiiiiiii,"[(0, 2), (3, 12)]"
U2_HTG_VLV,U0_HTG_VLV,biobiiiiii,"[(0, 2), (3, 10)]"
U2_RAT,U0_RAT,biobii,"[(0, 2), (3, 6)]"
U2_TEMP_SPT,U0_TEMP_SPT,biobiiiiiii,"[(0, 2), (3, 11)]"
U30_CLG_VLV,U00_CLG_VLV,biiobiiiiii,"[(0, 3), (4, 11)]"
U30_DAT,U00_DAT,biiobii,"[(0, 3), (4, 7)]"
U30_FAN_SPD,U00_FAN_SPD,biiobiiiiii,"[(0, 3), (4, 11)]"
U30_FCU_FAULT,U00_FCU_FAULT,biiobiiiiiiii,"[(0, 3), (4, 13)]"
U30_HTG_VLV,U00_HTG_VLV,biiobiiiiii,"[(0, 3), (4, 11)]"
U30_RAT,U00_RAT,biiobii,"[(0, 3), (4, 7)]"
U30_TEMP_SPT,U00_TEMP_SPT,biiobiiiiiii,"[(0, 3), (4, 12)]"
U31_CLG_VLV,U00_CLG_VLV,biiobiiiiii,"[(0, 3), (4, 11)]"
U31_DAT,U00_DAT,biiobii,"[(0, 3), (4, 7)]"
U31_FAN_SPD,U00_FAN_SPD,biiobiiiiii,"[(0, 3), (4, 11)]"
U31_FCU_FAULT,U00_FCU_FAULT,biiobiiiiiiii,"[(0, 3), (4, 13)]"
U31_HTG_VLV,U00_HTG_VLV,biiobiiiiii,"[(0, 3), (4, 11)]"
U31_RAT,U00_RAT,biiobii,"[(0, 3), (4, 7)]"
U31_TEMP_SPT,U00_TEMP_SPT,biiobiiiiiii,"[(0, 3), (4, 12)]"
U32_CLG_VLV,U00_CLG_VLV,biiobiiiiii,"[(0, 3), (4, 11)]"
U32_DAT,U00_DAT,biiobii,"[(0, 3), (4, 7)]"
U32_FAN_SPD,U00_FAN_SPD,biiobiiiiii,"[(0, 3), (4, 11)]"
U32_FCU_FAULT,U00_FCU_FAULT,biiobiiiiiiii,"[(0, 3), (4, 13)]"
U32_HTG_VLV,U00_HTG_VLV,biiobiiiiii,"[(0, 3), (4, 11)]"
U32_RAT,U00_RAT,biiobii,"[(0, 3), (4, 7)]"
U32_TEMP_SPT,U00_TEMP_SPT,biiobiiiiiii,"[(0, 3), (4, 12)]"
U33_CLG_VLV,U00_CLG_VLV,biiobiiiiii,"[(0, 3), (4, 11)]"
U33_DAT,U00_DAT,biiobii,"[(0, 3), (4, 7)]"
U33_FAN_SPD,U00_FAN_SPD,biiobiiiiii,"[(0, 3), (4, 11)]"
U33_FCU_FAULT,U00_FCU_FAULT,biiobiiiiiiii,"[(0, 3), (4, 13)]"
U33_HTG_VLV,U00_HTG_VLV,biiobiiiiii,"[(0, 3), (4, 11)]"
U33_RAT,U00_RAT,biiobii,"[(0, 3), (4, 7)]"
U33_TEMP_SPT,U00_TEMP_SPT,biiobiiiiiii,"[(0, 3), (4, 12)]"
U34_CLG_VLV,U00_CLG_VLV,biiobiiiiii,"[(0, 3), (4, 11)]"
U34_DAT,U00_DAT,biiobii,"[(0, 3), (4, 7)]"
U34_FAN_SPD,U00_FAN_SPD,biiobiiiiii,"[(0, 3), (4, 11)]"
U34_FCU_FAULT,U00_FCU_FAULT,biiobiiiiiiii,"[(0, 3), (4, 13)]"
U34_HTG_VLV,U00_HTG_VLV,biiobiiiiii,"[(0, 3), (4, 11)]"
U34_RAT,U00_RAT,biiobii,"[(0, 3), (4, 7)]"
U34_TEMP_SPT,U00_TEMP_SPT,biiobiiiiiii,"[(0, 3), (4, 12)]"
U35_CLG_VLV,U00_CLG_VLV,biiobiiiiii,"[(0, 3), (4, 11)]"
U35_DAT,U00_DAT,biiobii,"[(0, 3), (4, 7)]"
U35_FAN_SPD,U00_FAN_SPD,biiobiiiiii,"[(0, 3), (4, 11)]"
U35_FCU_FAULT,U00_FCU_FAULT,biiobiiiiiiii,"[(0, 3), (4, 13)]"
U35_HTG_VLV,U00_HTG_VLV,biiobiiiiii,"[(0, 3), (4, 11)]"
U35_RAT,U00_RAT,biiobii,"[(0, 3), (4, 7)]"
U35_TEMP_SPT,U00_TEMP_SPT,biiobiiiiiii,"[(0, 3), (4, 12)]"
U36_CLG_VLV,U00_CLG_VLV,biiobiiiiii,"[(0, 3), (4, 11)]"
U36_DAT,U00_DAT,biiobii,"[(0, 3), (4, 7)]"
U36_FAN_SPD,U00_FAN_SPD,biiobiiiiii,"[(0, 3), (4, 11)]"
U36_FCU_FAULT,U00_FCU_FAULT,biiobiiiiiiii,"[(0, 3), (4, 13)]"
U36_HTG_VLV,U00_HTG_VLV,biiobiiiiii,"[(0, 3), (4, 11)]"
U36_RAT,U00_RAT,biiobii,"[(0, 3), (4, 7)]"
U36_TEMP_SPT,U00_TEMP_SPT,biiobiiiiiii,"[(0, 3), (4, 12)]"
U37_CLG_VLV,U00_CLG_VLV,biiobiiiiii,"[(0, 3), (4, 11)]"
U37_DAT,U00_DAT,biiobii,"[(0, 3), (4, 7)]"
U37_FAN_SPD,U00_FAN_SPD,biiobiiiiii,"[(0, 3), (4, 11)]"
U37_FCU_FAULT,U00_FCU_FAULT,biiobiiiiiiii,"[(0, 3), (4, 13)]"
U37_HTG_VLV,U00_HTG_VLV,biiobiiiiii,"[(0, 3), (4, 11)]"
U37_RAT,U00_RAT,biiobii,"[(0, 3), (4, 7)]"
U37_TEMP_SPT,U00_TEMP_SPT,biiobiiiiiii,"[(0, 3), (4, 12)]"
U3_CLG_VLV,U0_CLG_VLV,biobiiiiii,"[(0, 2), (3, 10)]"
U3_DAT,U0_DAT,biobii,"[(0, 2), (3, 6)]"
U3_FAN_SPD,U0_FAN_SPD,biobiiiiii,"[(0, 2), (3, 10)]"
U3_FCU_FAULT,U0_FCU_FAULT,biobiiiiiiii,"[(0, 2), (3, 12)]"
U3_HTG_VLV,U0_HTG_VLV,biobiiiiii,"[(0, 2), (3, 10)]"
U3_RAT,U0_RAT,biobii,"[(0, 2), (3, 6)]"
U3_TEMP_SPT,U0_TEMP_SPT,biobiiiiiii,"[(0, 2), (3, 11)]"
U4_CLG_VLV,U0_CLG_VLV,biobiiiiii,"[(0, 2), (3, 10)]"
U4_DAT,U0_DAT,biobii,"[(0, 2), (3, 6)]"
U4_FAN_SPD,U0_FAN_SPD,biobiiiiii,"[(0, 2), (3, 10)]"
U4_FCU_FAULT,U0_FCU_FAULT,biobiiiiiiii,"[(0, 2), (3, 12)]"
U4_HTG_VLV,U0_HTG_VLV,biobiiiiii,"[(0, 2), (3, 10)]"
U4_RAT,U0_RAT,biobii,"[(0, 2), (3, 6)]"
U4_TEMP_SPT,U0_TEMP_SPT,biobiiiiiii,"[(0, 2), (3, 11)]"
U5_CLG_VLV,U0_CLG_VLV,biobiiiiii,"[(0, 2), (3, 10)]"
U5_DAT,U0_DAT,biobii,"[(0, 2), (3, 6)]"
U5_FAN_SPD,U0_FAN_SPD,biobiiiiii,"[(0, 2), (3, 10)]"
U5_FCU_FAULT,U0_FCU_FAULT,biobiiiiiiii,"[(0, 2), (3, 12)]"
U5_HTG_VLV,U0_HTG_VLV,biobiiiiii,"[(0, 2), (3, 10)]"
U5_RAT,U0_RAT,biobii,"[(0, 2), (3, 6)]"
U5_TEMP_SPT,U0_TEMP_SPT,biobiiiiiii,"[(0, 2), (3, 11)]"
U6_CLG_VLV,U0_CLG_VLV,biobiiiiii,"[(0, 2), (3, 10)]"
U6_DAT,U0_DAT,biobii,"[(0, 2), (3, 6)]"
U6_FAN_SPD,U0_FAN_SPD,biobiiiiii,"[(0, 2), (3, 10)]"
U6_FCU_FAULT,U0_FCU_FAULT,biobiiiiiiii,"[(0, 2), (3, 12)]"
U6_HTG_VLV,U0_HTG_VLV,biobiiiiii,"[(0, 2), (3, 10)]"
U6_RAT,U0_RAT,biobii,"[(0, 2), (3, 6)]"
U6_TEMP_SPT,U0_TEMP_SPT,biobiiiiiii,"[(0, 2), (3, 11)]"
U7_CLG_VLV,U0_CLG_VLV,biobiiiiii,"[(0, 2), (3, 10)]"
U7_DAT,U0_DAT,biobii,"[(0, 2), (3, 6)]"
U7_FAN_SPD,U0_FAN_SPD,biobiiiiii,"[(0, 2), (3, 10)]"
U7_FCU_FAULT,U0_FCU_FAULT,biobiiiiiiii,"[(0, 2), (3, 12)]"
U7_HTG_VLV,U0_HTG_VLV,biobiiiiii,"[(0, 2), (3, 10)]"
U7_RAT,U0_RAT,biobii,"[(0, 2), (3, 6)]"
U7_TEMP_SPT,U0_TEMP_SPT,biobiiiiiii,"[(0, 2), (3, 11)]"
U8_CLG_VLV,U0_CLG_VLV,biobiiiiii,"[(0, 2), (3, 10)]"
U8_DAT,U0_DAT,biobii,"[(0, 2), (3, 6)]"
U8_FAN_SPD,U0_FAN_SPD,biobiiiiii,"[(0, 2), (3, 10)]"
U8_FCU_FAULT,U0_FCU_FAULT,biobiiiiiiii,"[(0, 2), (3, 12)]"
U8_HTG_VLV,U0_HTG_VLV,biobiiiiii,"[(0, 2), (3, 10)]"
U8_RAT,U0_RAT,biobii,"[(0, 2), (3, 6)]"
U8_TEMP_SPT,U0_TEMP_SPT,biobiiiiiii,"[(0, 2), (3, 11)]"
U9_CLG_VLV,U0_CLG_VLV,biobiiiiii,"[(0, 2), (3, 10)]"
U9_DAT,U0_DAT,biobii,"[(0, 2), (3, 6)]"
U9_FAN_SPD,U0_FAN_SPD,biobiiiiii,"[(0, 2), (3, 10)]"
U9_FCU_FAULT,U0_FCU_FAULT,biobiiiiiiii,"[(0, 2), (3, 12)]"
U9_HTG_VLV,U0_HTG_VLV,biobiiiiii,"[(0, 2), (3, 10)]"
U9_RAT,U0_RAT,biobii,"[(0, 2), (3, 6)]"
U9_TEMP_SPT,U0_TEMP_SPT,biobiiiiiii,"[(0, 2), (3, 11)]"
U10_CLG_VLV,U00_CLG_VLV,biiobiiiiii,"[(0, 3), (4, 11)]"
U10_DAT,U00_DAT,biiobii,"[(0, 3), (4, 7)]"
U10_HTG_VLV,U00_HTG_VLV,biiobiiiiii,"[(0, 3), (4, 11)]"
U10_RAT,U00_RAT,biiobii,"[(0, 3), (4, 7)]"
U10_TEMP_SPT,U00_TEMP_SPT,biiobiiiiiii,"[(0, 3), (4, 12)]"
U11_CLG_VLV,U00_CLG_VLV,biiobiiiiii,"[(0, 3), (4, 11)]"
U11_DAT,U00_DAT,biiobii,"[(0, 3), (4, 7)]"
U11_HTG_VLV,U00_HTG_VLV,biiobiiiiii,"[(0, 3), (4, 11)]"
U11_RAT,U00_RAT,biiobii,"[(0, 3), (4, 7)]"
U11_TEMP_SPT,U00_TEMP_SPT,biiobiiiiiii,"[(0, 3), (4, 12)]"
U12_CLG_VLV,U00_CLG_VLV,biiobiiiiii,"[(0, 3), (4, 11)]"
U12_DAT,U00_DAT,biiobii,"[(0, 3), (4, 7)]"
U12_HTG_VLV,U00_HTG_VLV,biiobiiiiii,"[(0, 3), (4, 11)]"
U12_RAT,U00_RAT,biiobii,"[(0, 3), (4, 7)]"
U12_TEMP_SPT,U00_TEMP_SPT,biiobiiiiiii,"[(0, 3), (4, 12)]"
U13_CLG_VLV,U00_CLG_VLV,biiobiiiiii,"[(0, 3), (4, 11)]"
U13_DAT,U00_DAT,biiobii,"[(0, 3), (4, 7)]"
U13_HTG_VLV,U00_HTG_VLV,biiobiiiiii,"[(0, 3), (4, 11)]"
U13_RAT,U00_RAT,biiobii,"[(0, 3), (4, 7)]"
U13_TEMP_SPT,U00_TEMP_SPT,biiobiiiiiii,"[(0, 3), (4, 12)]"
U14_CLG_VLV,U00_CLG_VLV,biiobiiiiii,"[(0, 3), (4, 11)]"
U14_DAT,U00_DAT,biiobii,"[(0, 3), (4, 7)]"
U14_HTG_VLV,U00_HTG_VLV,biiobiiiiii,"[(0, 3), (4, 11)]"
U14_RAT,U00_RAT,biiobii,"[(0, 3), (4, 7)]"
U14_TEMP_SPT,U00_TEMP_SPT,biiobiiiiiii,"[(0, 3), (4, 12)]"
U15_CLG_VLV,U00_CLG_VLV,biiobiiiiii,"[(0, 3), (4, 11)]"
U15_DAT,U00_DAT,biiobii,"[(0, 3), (4, 7)]"
U15_HTG_VLV,U00_HTG_VLV,biiobiiiiii,"[(0, 3), (4, 11)]"
U15_RAT,U00_RAT,biiobii,"[(0, 3), (4, 7)]"
U15_TEMP_SPT,U00_TEMP_SPT,biiobiiiiiii,"[(0, 3), (4, 12)]"
U16_CLG_VLV,U00_CLG_VLV,biiobiiiiii,"[(0, 3), (4, 11)]"
U16_DAT,U00_DAT,biiobii,"[(0, 3), (4, 7)]"
U16_HTG_VLV,U00_HTG_VLV,biiobiiiiii,"[(0, 3), (4, 11)]"
U16_RAT,U00_RAT,biiobii,"[(0, 3), (4, 7)]"
U16_TEMP_SPT,U00_TEMP_SPT,biiobiiiiiii,"[(0, 3), (4, 12)]"
U17_CLG_VLV,U00_CLG_VLV,biiobiiiiii,"[(0, 3), (4, 11)]"
U17_DAT,U00_DAT,biiobii,"[(0, 3), (4, 7)]"
U17_HTG_VLV,U00_HTG_VLV,biiobiiiiii,"[(0, 3), (4, 11)]"
U17_RAT,U00_RAT,biiobii,"[(0, 3), (4, 7)]"
U17_TEMP_SPT,U00_TEMP_SPT,biiobiiiiiii,"[(0, 3), (4, 12)]"
U18_CLG_VLV,U00_CLG_VLV,biiobiiiiii,"[(0, 3), (4, 11)]"
U18_DAT,U00_DAT,biiobii,"[(0, 3), (4, 7)]"
U18_HTG_VLV,U00_HTG_VLV,biiobiiiiii,"[(0, 3), (4, 11)]"
U18_RAT,U00_RAT,biiobii,"[(0, 3), (4, 7)]"
U18_TEMP_SPT,U00_TEMP_SPT,biiobiiiiiii,"[(0, 3), (4, 12)]"
U19_CLG_VLV,U00_CLG_VLV,biiobiiiiii,"[(0, 3), (4, 11)]"
U19_DAT,U00_DAT,biiobii,"[(0, 3), (4, 7)]"
U19_HTG_VLV,U00_HTG_VLV,biiobiiiiii,"[(0, 3), (4, 11)]"
U19_RAT,U00_RAT,biiobii,"[(0, 3), (4, 7)]"
U19_TEMP_SPT,U00_TEMP_SPT,biiobiiiiiii,"[(0, 3), (4, 12)]"
U1_CLG_VLV,U0_CLG_VLV,biobiiiiii,"[(0, 2), (3, 10)]"
U1_DAT,U0_DAT,biobii,"[(0, 2), (3, 6)]"
U1_HTG_VLV,U0_HTG_VLV,biobiiiiii,"[(0, 2), (3, 10)]"
U1_RAT,U0_RAT,biobii,"[(0, 2), (3, 6)]"
U1_TEMP_SPT,U0_TEMP_SPT,biobiiiiiii,"[(0, 2), (3, 11)]"
U20_CLG_VLV,U00_CLG_VLV,biiobiiiiii,"[(0, 3), (4, 11)]"
U20_DAT,U00_DAT,biiobii,"[(0, 3), (4, 7)]"
U20_HTG_VLV,U00_HTG_VLV,biiobiiiiii,"[(0, 3), (4, 11)]"
U20_RAT,U00_RAT,biiobii,"[(0, 3), (4, 7)]"
U20_TEMP_SPT,U00_TEMP_SPT,biiobiiiiiii,"[(0, 3), (4, 12)]"
U21_CLG_VLV,U00_CLG_VLV,biiobiiiiii,"[(0, 3), (4, 11)]"
U21_DAT,U00_DAT,biiobii,"[(0, 3), (4, 7)]"
U21_HTG_VLV,U00_HTG_VLV,biiobiiiiii,"[(0, 3), (4, 11)]"
U21_RAT,U00_RAT,biiobii,"[(0, 3), (4, 7)]"
U21_TEMP_SPT,U00_TEMP_SPT,biiobiiiiiii,"[(0, 3), (4, 12)]"
U22_CLG_VLV,U00_CLG_VLV,biiobiiiiii,"[(0, 3), (4, 11)]"
U22_DAT,U00_DAT,biiobii,"[(0, 3), (4, 7)]"
U22_HTG_VLV,U00_HTG_VLV,biiobiiiiii,"[(0, 3), (4, 11)]"
U22_RAT,U00_RAT,biiobii,"[(0, 3), (4, 7)]"
U22_TEMP_SPT,U00_TEMP_SPT,biiobiiiiiii,"[(0, 3), (4, 12)]"
U23_CLG_VLV,U00_CLG_VLV,biiobiiiiii,"[(0, 3), (4, 11)]"
U23_DAT,U00_DAT,biiobii,"[(0, 3), (4, 7)]"
U23_HTG_VLV,U00_HTG_VLV,biiobiiiiii,"[(0, 3), (4, 11)]"
U23_RAT,U00_RAT,biiobii,"[(0, 3), (4, 7)]"
U23_TEMP_SPT,U00_TEMP_SPT,biiobiiiiiii,"[(0, 3), (4, 12)]"
U24A_CLG_VLV,U00A_CLG_VLV,biiiobiiiiii,"[(0, 4), (5, 12)]"
U24A_DAT,U00A_DAT,biiiobii,"[(0, 4), (5, 8)]"
U24A_HTG_VLV,U00A_HTG_VLV,biiiobiiiiii,"[(0, 4), (5, 12)]"
U24A_RAT,U00A_RAT,biiiobii,"[(0, 4), (5, 8)]"
U24A_TEMP_SPT,U00A_TEMP_SPT,biiiobiiiiiii,"[(0, 4), (5, 13)]"
U24B_CLG_VLV,U00B_CLG_VLV,biiiobiiiiii,"[(0, 4), (5, 12)]"
U24B_DAT,U00B_DAT,biiiobii,"[(0, 4), (5, 8)]"
U24B_HTG_VLV,U00B_HTG_VLV,biiiobiiiiii,"[(0, 4), (5, 12)]"
U24B_RAT,U00B_RAT,biiiobii,"[(0, 4), (5, 8)]"
U24B_TEMP_SPT,U00B_TEMP_SPT,biiiobiiiiiii,"[(0, 4), (5, 13)]"
U25_MR_CLG_VLV,U00_MR_CLG_VLV,biiobiiiiiiiii,"[(0, 3), (4, 14)]"
U25_MR_DAT,U00_MR_DAT,biiobiiiii,"[(0, 3), (4, 10)]"
U25_MR_HTG_VLV,U00_MR_HTG_VLV,biiobiiiiiiiii,"[(0, 3), (4, 14)]"
U25_MR_RAT,U00_MR_RAT,biiobiiiii,"[(0, 3), (4, 10)]"
U25_MR_TEMP_SPT,U00_MR_TEMP_SPT,biiobiiiiiiiiii,"[(0, 3), (4, 15)]"
U26A_MR_CLG_VLV,U00A_MR_CLG_VLV,biiiobiiiiiiiii,"[(0, 4), (5, 15)]"
U26A_MR_DAT,U00A_MR_DAT,biiiobiiiii,"[(0, 4), (5, 11)]"
U26A_MR_HTG_VLV,U00A_MR_HTG_VLV,biiiobiiiiiiiii,"[(0, 4), (5, 15)]"
U26A_MR_RAT,U00A_MR_RAT,biiiobiiiii,"[(0, 4), (5, 11)]"
U26A_MR_TEMP_SPT,U00A_MR_TEMP_SPT,biiiobiiiiiiiiii,"[(0, 4), (5, 16)]"
U26B_MR_CLG_VLV,U00B_MR_CLG_VLV,biiiobiiiiiiiii,"[(0, 4), (5, 15)]"
U26B_MR_DAT,U00B_MR_DAT,biiiobiiiii,"[(0, 4), (5, 11)]"
U26B_MR_HTG_VLV,U00B_MR_HTG_VLV,biiiobiiiiiiiii,"[(0, 4), (5, 15)]"
U26B_MR_RAT,U00B_MR_RAT,biiiobiiiii,"[(0, 4), (5, 11)]"
U26B_MR_TEMP_SPT,U00B_MR_TEMP_SPT,biiiobiiiiiiiiii,"[(0, 4), (5, 16)]"
U27_MR_CLG_VLV,U00_MR_CLG_VLV,biiobiiiiiiiii,"[(0, 3), (4, 14)]"
U27_MR_DAT,U00_MR_DAT,biiobiiiii,"[(0, 3), (4, 10)]"
U27_MR_HTG_VLV,U00_MR_HTG_VLV,biiobiiiiiiiii,"[(0, 3), (4, 14)]"
U27_MR_RAT,U00_MR_RAT,biiobiiiii,"[(0, 3), (4, 10)]"
U27_MR_TEMP_SPT,U00_MR_TEMP_SPT,biiobiiiiiiiiii,"[(0, 3), (4, 15)]"
U28_MR_CLG_VLV,U00_MR_CLG_VLV,biiobiiiiiiiii,"[(0, 3), (4, 14)]"
U28_MR_DAT,U00_MR_DAT,biiobiiiii,"[(0, 3), (4, 10)]"
U28_MR_HTG_VLV,U00_MR_HTG_VLV,biiobiiiiiiiii,"[(0, 3), (4, 14)]"
U28_MR_RAT,U00_MR_RAT,biiobiiiii,"[(0, 3), (4, 10)]"
U28_MR_TEMP_SPT,U00_MR_TEMP_SPT,biiobiiiiiiiiii,"[(0, 3), (4, 15)]"
U29_MR_CLG_VLV,U00_MR_CLG_VLV,biiobiiiiiiiii,"[(0, 3), (4, 14)]"
U29_MR_DAT,U00_MR_DAT,biiobiiiii,"[(0, 3), (4, 10)]"
U29_MR_HTG_VLV,U00_MR_HTG_VLV,biiobiiiiiiiii,"[(0, 3), (4, 14)]"
U29_MR_RAT,U00_MR_RAT,biiobiiiii,"[(0, 3), (4, 10)]"
U29_MR_TEMP_SPT,U00_MR_TEMP_SPT,biiobiiiiiiiiii,"[(0, 3), (4, 15)]"
U2_CLG_VLV,U0_CLG_VLV,biobiiiiii,"[(0, 2), (3, 10)]"
U2_DAT,U0_DAT,biobii,"[(0, 2), (3, 6)]"
U2_HTG_VLV,U0_HTG_VLV,biobiiiiii,"[(0, 2), (3, 10)]"
U2_RAT,U0_RAT,biobii,"[(0, 2), (3, 6)]"
U2_TEMP_SPT,U0_TEMP_SPT,biobiiiiiii,"[(0, 2), (3, 11)]"
U30_CLG_VLV,U00_CLG_VLV,biiobiiiiii,"[(0, 3), (4, 11)]"
U30_DAT,U00_DAT,biiobii,"[(0, 3), (4, 7)]"
U30_HTG_VLV,U00_HTG_VLV,biiobiiiiii,"[(0, 3), (4, 11)]"
U30_RAT,U00_RAT,biiobii,"[(0, 3), (4, 7)]"
U31A_MR_CLG_VLV,U00A_MR_CLG_VLV,biiiobiiiiiiiii,"[(0, 4), (5, 15)]"
U31A_MR_DAT,U00A_MR_DAT,biiiobiiiii,"[(0, 4), (5, 11)]"
U31A_MR_HTG_VLV,U00A_MR_HTG_VLV,biiiobiiiiiiiii,"[(0, 4), (5, 15)]"
U31A_MR_RAT,U00A_MR_RAT,biiiobiiiii,"[(0, 4), (5, 11)]"
U31A_MR_TEMP_SPT,U00A_MR_TEMP_SPT,biiiobiiiiiiiiii,"[(0, 4), (5, 16)]"
U31B_MR_CLG_VLV,U00B_MR_CLG_VLV,biiiobiiiiiiiii,"[(0, 4), (5, 15)]"
U31B_MR_DAT,U00B_MR_DAT,biiiobiiiii,"[(0, 4), (5, 11)]"
U31B_MR_HTG_VLV,U00B_MR_HTG_VLV,biiiobiiiiiiiii,"[(0, 4), (5, 15)]"
U31B_MR_RAT,U00B_MR_RAT,biiiobiiiii,"[(0, 4), (5, 11)]"
U31B_MR_TEMP_SPT,U00B_MR_TEMP_SPT,biiiobiiiiiiiiii,"[(0, 4), (5, 16)]"
U31_MR_CLG_VLV,U00_MR_CLG_VLV,biiobiiiiiiiii,"[(0, 3), (4, 14)]"
U31_MR_DAT,U00_MR_DAT,biiobiiiii,"[(0, 3), (4, 10)]"
U31_MR_HTG_VLV,U00_MR_HTG_VLV,biiobiiiiiiiii,"[(0, 3), (4, 14)]"
U31_MR_RAT,U00_MR_RAT,biiobiiiii,"[(0, 3), (4, 10)]"
U31_MR_TEMP_SPT,U00_MR_TEMP_SPT,biiobiiiiiiiiii,"[(0, 3), (4, 15)]"
U32_MR_CLG_VLV,U00_MR_CLG_VLV,biiobiiiiiiiii,"[(0, 3), (4, 14)]"
U32_MR_DAT,U00_MR_DAT,biiobiiiii,"[(0, 3), (4, 10)]"
U32_MR_HTG_VLV,U00_MR_HTG_VLV,biiobiiiiiiiii,"[(0, 3), (4, 14)]"
U32_MR_RAT,U00_MR_RAT,biiobiiiii,"[(0, 3), (4, 10)]"
U32_MR_TEMP_SPT,U00_MR_TEMP_SPT,biiobiiiiiiiiii,"[(0, 3), (4, 15)]"
U33_MR_CLG_VLV,U00_MR_CLG_VLV,biiobiiiiiiiii,"[(0, 3), (4, 14)]"
U33_MR_DAT,U00_MR_DAT,biiobiiiii,"[(0, 3), (4, 10)]"
U33_MR_HTG_VLV,U00_MR_HTG_VLV,biiobiiiiiiiii,"[(0, 3), (4, 14)]"
U33_MR_RAT,U00_MR_RAT,biiobiiiii,"[(0, 3), (4, 10)]"
U33_MR_TEMP_SPT,U00_MR_TEMP_SPT,biiobiiiiiiiiii,"[(0, 3), (4, 15)]"
U34_MR_CLG_VLV,U00_MR_CLG_VLV,biiobiiiiiiiii,"[(0, 3), (4, 14)]"
U34_MR_DAT,U00_MR_DAT,biiobiiiii,"[(0, 3), (4, 10)]"
U34_MR_HTG_VLV,U00_MR_HTG_VLV,biiobiiiiiiiii,"[(0, 3), (4, 14)]"
U34_MR_RAT,U00_MR_RAT,biiobiiiii,"[(0, 3), (4, 10)]"
U34_MR_TEMP_SPT,U00_MR_TEMP_SPT,biiobiiiiiiiiii,"[(0, 3), (4, 15)]"
U35_MR_CLG_VLV,U00_MR_CLG_VLV,biiobiiiiiiiii,"[(0, 3), (4, 14)]"
U35_MR_DAT,U00_MR_DAT,biiobiiiii,"[(0, 3), (4, 10)]"
U35_MR_HTG_VLV,U00_MR_HTG_VLV,biiobiiiiiiiii,"[(0, 3), (4, 14)]"
U35_MR_RAT,U00_MR_RAT,biiobiiiii,"[(0, 3), (4, 10)]"
U35_MR_TEMP_SPT,U00_MR_TEMP_SPT,biiobiiiiiiiiii,"[(0, 3), (4, 15)]"
U3_CLG_VLV,U0_CLG_VLV,biobiiiiii,"[(0, 2), (3, 10)]"
U3_DAT,U0_DAT,biobii,"[(0, 2), (3, 6)]"
U3_HTG_VLV,U0_HTG_VLV,biobiiiiii,"[(0, 2), (3, 10)]"
U3_RAT,U0_RAT,biobii,"[(0, 2), (3, 6)]"
U3_TEMP_SPT,U0_TEMP_SPT,biobiiiiiii,"[(0, 2), (3, 11)]"
U4_CLG_VLV,U0_CLG_VLV,biobiiiiii,"[(0, 2), (3, 10)]"
U4_DAT,U0_DAT,biobii,"[(0, 2), (3, 6)]"
U4_HTG_VLV,U0_HTG_VLV,biobiiiiii,"[(0, 2), (3, 10)]"
U4_RAT,U0_RAT,biobii,"[(0, 2), (3, 6)]"
U4_TEMP_SPT,U0_TEMP_SPT,biobiiiiiii,"[(0, 2), (3, 11)]"
U5_CLG_VLV,U0_CLG_VLV,biobiiiiii,"[(0, 2), (3, 10)]"
U5_DAT,U0_DAT,biobii,"[(0, 2), (3, 6)]"
U5_HTG_VLV,U0_HTG_VLV,biobiiiiii,"[(0, 2), (3, 10)]"
U5_RAT,U0_RAT,biobii,"[(0, 2), (3, 6)]"
U5_TEMP_SPT,U0_TEMP_SPT,biobiiiiiii,"[(0, 2), (3, 11)]"
U6_CLG_VLV,U0_CLG_VLV,biobiiiiii,"[(0, 2), (3, 10)]"
U6_DAT,U0_DAT,biobii,"[(0, 2), (3, 6)]"
U6_HTG_VLV,U0_HTG_VLV,biobiiiiii,"[(0, 2), (3, 10)]"
U6_RAT,U0_RAT,biobii,"[(0, 2), (3, 6)]"
U6_TEMP_SPT,U0_TEMP_SPT,biobiiiiiii,"[(0, 2), (3, 11)]"
U7_CLG_VLV,U0_CLG_VLV,biobiiiiii,"[(0, 2), (3, 10)]"
U7_DAT,U0_DAT,biobii,"[(0, 2), (3, 6)]"
U7_HTG_VLV,U0_HTG_VLV,biobiiiiii,"[(0, 2), (3, 10)]"
U7_RAT,U0_RAT,biobii,"[(0, 2), (3, 6)]"
U7_TEMP_SPT,U0_TEMP_SPT,biobiiiiiii,"[(0, 2), (3, 11)]"
U8_CLG_VLV,U0_CLG_VLV,biobiiiiii,"[(0, 2), (3, 10)]"
U8_DAT,U0_DAT,biobii,"[(0, 2), (3, 6)]"
U8_HTG_VLV,U0_HTG_VLV,biobiiiiii,"[(0, 2), (3, 10)]"
U8_RAT,U0_RAT,biobii,"[(0, 2), (3, 6)]"
U8_TEMP_SPT,U0_TEMP_SPT,biobiiiiiii,"[(0, 2), (3, 11)]"
U9_CLG_VLV,U0_CLG_VLV,biobiiiiii,"[(0, 2), (3, 10)]"
U9_DAT,U0_DAT,biobii,"[(0, 2), (3, 6)]"
U9_HTG_VLV,U0_HTG_VLV,biobiiiiii,"[(0, 2), (3, 10)]"
U9_RAT,U0_RAT,biobii,"[(0, 2), (3, 6)]"
U9_TEMP_SPT,U0_TEMP_SPT,biobiiiiiii,"[(0, 2), (3, 11)]"
GF_LGHT_F1F2F7TOF10F15F16,GF_LGHT_F0F0F0TOF00F00F00,biobiiiobiiiiiiiiiiiiiiii,"[(0, 2), (3, 7), (8, 25)]"
GF_SRVC_3G067,GF_SRVC_0G000,biobiiiobiiii,"[(0, 2), (3, 7), (8, 13)]"
GF_FRONTAISLE_LHS,GF_FRONTAISLE_LHS,biobiiiiiiiiiobii,"[(0, 2), (3, 13), (14, 17)]"
GF_SRVC_PRINTRM_3G078,GF_SRVC_PRINTRM_0G000,biobiiiobiiiiiiiiiiii,"[(0, 2), (3, 7), (8, 21)]"
GF_LGHT_MR_3G034,GF_LGHT_MR_0G000,biobiiiobiiiiiii,"[(0, 2), (3, 7), (8, 16)]"
GF_SRVC_MR_3G080,GF_SRVC_MR_0G000,biobiiiobiiiiiii,"[(0, 2), (3, 7), (8, 16)]"
GF_LGHT_MR_3G079_080,GF_LGHT_MR_0G000_000,biobiiiobiiiiiiiiiii,"[(0, 2), (3, 7), (8, 20)]"
GF_LGHT_COLLAB_3G086,GF_LGHT_COLLAB_0G000,biobiiiobiiiiiiiiiii,"[(0, 2), (3, 7), (8, 20)]"
GF_LGHT_COLLAB_3G085,GF_LGHT_COLLAB_0G000,biobiiiobiiiiiiiiiii,"[(0, 2), (3, 7), (8, 20)]"
GF_LGHT_BACKAISLE_Z3,GF_LGHT_BACKAISLE_Z0,biobiiiobiiiiiiiiiii,"[(0, 2), (3, 7), (8, 20)]"
GF_LGHT_BOARDRM,GF_LGHT_BOARDRM,biobiiiobiiiiii,"[(0, 2), (3, 7), (8, 15)]"
GF_SRVC_MR_3G079_080,GF_SRVC_MR_0G000_000,biobiiiobiiiiiiiiiii,"[(0, 2), (3, 7), (8, 20)]"
GF_LGHT_MR_3G082_083,GF_LGHT_MR_0G000_000,biobiiiobiiiiiiiiiii,"[(0, 2), (3, 7), (8, 20)]"
GF_SRVC_MR_3G075,GF_SRVC_MR_0G000,biobiiiobiiiiiii,"[(0, 2), (3, 7), (8, 16)]"
GF_LGHT_TRAINING_3G077,GF_LGHT_TRAINING_0G000,biobiiiobiiiiiiiiiiiii,"[(0, 2), (3, 7), (8, 22)]"
GF_SRVC_MR_3G084,GF_SRVC_MR_0G000,biobiiiobiiiiiii,"[(0, 2), (3, 7), (8, 16)]"
GF_LGHT_MR_075_076,GF_LGHT_MR_000_000,biobiiiobiiiiiiiii,"[(0, 2), (3, 7), (8, 18)]"
GF_SRVC_MR_3G084,GF_SRVC_MR_0G000,biobiiiobiiiiiii,"[(0, 2), (3, 7), (8, 16)]"
GF_LGHT_MIDAISLE_Z3,GF_LGHT_MIDAISLE_Z0,biobiiiobiiiiiiiiii,"[(0, 2), (3, 7), (8, 19)]"
GF_SRVC_MR_3G083,GF_SRVC_MR_0G000,biobiiiobiiiiiii,"[(0, 2), (3, 7), (8, 16)]"
GF_LGHT_MENWC,GF_LGHT_MENWC,biobiiiobiiii,"[(0, 2), (3, 7), (8, 13)]"
GF_SRVC_MR_3G083,GF_SRVC_MR_0G000,biobiiiobiiiiiii,"[(0, 2), (3, 7), (8, 16)]"
GF_LGHT_CR_SHOWER,GF_LGHT_CR_SHOWER,biobiiiobiiiiiiii,"[(0, 2), (3, 7), (8, 17)]"
GF_SRVC_TRAINING_3G077,GF_SRVC_TRAINING_0G000,biobiiiobiiiiiiiiiiiii,"[(0, 2), (3, 7), (8, 22)]"
1F_SRVC_UPSRM,0F_SRVC_UPSRM,biobiiiobiiii,"[(0, 2), (3, 7), (8, 13)]"
GF_LGHT_FEMWC,GF_LGHT_FEMWC,biobiiiobiiii,"[(0, 2), (3, 7), (8, 13)]"
GF_SRVC_TRAINING_3G077,GF_SRVC_TRAINING_0G000,biobiiiobiiiiiiiiiiiii,"[(0, 2), (3, 7), (8, 22)]"
GF_LGHT_DISABWC,GF_LGHT_DISABWC,biobiiiobiiiiii,"[(0, 2), (3, 7), (8, 15)]"
GF_SRVC_TRAINING_3G077,GF_SRVC_TRAINING_0G000,biobiiiobiiiiiiiiiiiii,"[(0, 2), (3, 7), (8, 22)]"
GF_LGHT_RECEPTION_WLKWAY1,GF_LGHT_RECEPTION_WLKWAY0,biobiiiobiiiiiiiiiiiiiiii,"[(0, 2), (3, 7), (8, 25)]"
GF_SRVC_TRAINING2_3G077,GF_SRVC_TRAINING0_0G000,biobiiiobiiiiiiiiiiiiii,"[(0, 2), (3, 7), (8, 23)]"
GF_LGHT_RECEPTION 1_FRONT,GF_LGHT_RECEPTION 0_FRONT,biobiiiobiiiiiiiiiiiiiiii,"[(0, 2), (3, 7), (8, 25)]"
GF_SRVC_TRAINING3_3G077,GF_SRVC_TRAINING0_0G000,biobiiiobiiiiiiiiiiiiii,"[(0, 2), (3, 7), (8, 23)]"
GF_LGHT_RECEPTION 2_WLKWAY2,GF_LGHT_RECEPTION 0_WLKWAY0,biobiiiobiiiiiiiiiiiiiiiiii,"[(0, 2), (3, 7), (8, 27)]"
GF_SRVC_COMPUTERRM2_076,GF_SRVC_COMPUTERRM0_000,biobiiiobiiiiiiiiiiiiii,"[(0, 2), (3, 7), (8, 23)]"
GF_SRVC_COMPUTERRM3_076,GF_SRVC_COMPUTERRM0_000,biobiiiobiiiiiiiiiiiiii,"[(0, 2), (3, 7), (8, 23)]"
GF_SRVC_COMPUTERRM4_076,GF_SRVC_COMPUTERRM0_000,biobiiiobiiiiiiiiiiiiii,"[(0, 2), (3, 7), (8, 23)]"
GF_SRVC_COMPUTERRM_076,GF_SRVC_COMPUTERRM_000,biobiiiobiiiiiiiiiiiii,"[(0, 2), (3, 7), (8, 22)]"
GF_LGHT_RECEPTION_METHAL,GF_LGHT_RECEPTION_METHAL,biobiiiobiiiiiiiiiiiiiii,"[(0, 2), (3, 7), (8, 24)]"
GF_LGHT_EXPO_WC,GF_LGHT_EXPO_WC,biobiiiobiiiiii,"[(0, 2), (3, 7), (8, 15)]"
GF_LGHT_EXPO_COLLAR,GF_LGHT_EXPO_COLLAR,biobiiiobiiiiiiiiii,"[(0, 2), (3, 7), (8, 19)]"
GF_LGHT_EXPO_SPOTS,GF_LGHT_EXPO_SPOTS,biobiiiobiiiiiiiii,"[(0, 2), (3, 7), (8, 18)]"
GF_SRVC_FRIDGE_COFFEEDK,GF_SRVC_FRIDGE_COFFEEDK,biobiiiobiiiiiiiiiiiiii,"[(0, 2), (3, 7), (8, 23)]"
GF_LGHT_EXPO_PRES,GF_LGHT_EXPO_PRES,biobiiiobiiiiiiii,"[(0, 2), (3, 7), (8, 17)]"
GF_SRVC_COFFEEDK,GF_SRVC_COFFEEDK,biobiiiobiiiiiii,"[(0, 2), (3, 7), (8, 16)]"
GF_LGHT_EXPO_METHAL1,GF_LGHT_EXPO_METHAL0,biobiiiobiiiiiiiiiii,"[(0, 2), (3, 7), (8, 20)]"
GF_SRVC_COLLAB1_3G086,GF_SRVC_COLLAB0_0G000,biobiiiobiiiiiiiiiiii,"[(0, 2), (3, 7), (8, 21)]"
GF_LGHT_EXPO_METHAL2,GF_LGHT_EXPO_METHAL0,biobiiiobiiiiiiiiiii,"[(0, 2), (3, 7), (8, 20)]"
GF_SRVC_COLLAB1_3G086,GF_SRVC_COLLAB0_0G000,biobiiiobiiiiiiiiiiii,"[(0, 2), (3, 7), (8, 21)]"
GF_LGHT_EXPO_METHAL3,GF_LGHT_EXPO_METHAL0,biobiiiobiiiiiiiiiii,"[(0, 2), (3, 7), (8, 20)]"
GF_SRVC_COLLAB1_3G086,GF_SRVC_COLLAB0_0G000,biobiiiobiiiiiiiiiiii,"[(0, 2), (3, 7), (8, 21)]"
GF_LGHT_EXPO_BANNER1,GF_LGHT_EXPO_BANNER0,biobiiiobiiiiiiiiiii,"[(0, 2), (3, 7), (8, 20)]"
GF_SRVC_COLLAB1_3G086,GF_SRVC_COLLAB0_0G000,biobiiiobiiiiiiiiiiii,"[(0, 2), (3, 7), (8, 21)]"
GF_LGHT_EXPO_BANNER2,GF_LGHT_EXPO_BANNER0,biobiiiobiiiiiiiiiii,"[(0, 2), (3, 7), (8, 20)]"
GF_LGHT_EXPO_BANNER3,GF_LGHT_EXPO_BANNER0,biobiiiobiiiiiiiiiii,"[(0, 2), (3, 7), (8, 20)]"
GF_FCU_04_05_08_09_13_14,GF_FCU_00_00_00_00_00_00,biobiiobiiiiiiiiiiiiiiii,"[(0, 2), (3, 6), (7, 24)]"
GF_LGHT_AISLE_Z4,GF_LGHT_AISLE_Z0,biobiiiobiiiiiii,"[(0, 2), (3, 7), (8, 16)]"
GF_SRVC_I1I2I23I24,GF_SRVC_I0I0I00I00,biobiiiobiiiiiiiii,"[(0, 2), (3, 7), (8, 18)]"
GF_FCU06_07,GF_FCU00_00,biobiiiiobi,"[(0, 2), (3, 8), (9, 11)]"
GF_LGHT_I1I2I7I8_QR065_066,GF_LGHT_I0I0I0I0_QR000_000,biobiiiobiiiiiiiiiiiiiiiii,"[(0, 2), (3, 7), (8, 26)]"
GF_FCU01_02_03_10_11,GF_FCU00_00_00_00_00,biobiiiiobiiiiiiiiii,"[(0, 2), (3, 8), (9, 20)]"
GF_LGHT_I9I10I15TOI18I23I24,GF_LGHT_I0I00I00TOI00I00I00,biobiiiobiiiiiiiiiiiiiiiiii,"[(0, 2), (3, 7), (8, 27)]"
GF_SRVC_COLLAB2_3G085,GF_SRVC_COLLAB0_0G000,biobiiiobiiiiiiiiiiii,"[(0, 2), (3, 7), (8, 21)]"
GF_LGHT_EXPO_BANNER4,GF_LGHT_EXPO_BANNER0,biobiiiobiiiiiiiiiii,"[(0, 2), (3, 7), (8, 20)]"
GF_SRVC_COLLAB2_3G085,GF_SRVC_COLLAB0_0G000,biobiiiobiiiiiiiiiiii,"[(0, 2), (3, 7), (8, 21)]"
GF_LGHT_RECEPTION_BLKHD,GF_LGHT_RECEPTION_BLKHD,biobiiiobiiiiiiiiiiiiii,"[(0, 2), (3, 7), (8, 23)]"
GF_SRVC_AISLE_TV_Z3,GF_SRVC_AISLE_TV_Z0,biobiiiobiiiiiiiiii,"[(0, 2), (3, 7), (8, 19)]"
GF_SRVC_RECEPTION_TV,GF_SRVC_RECEPTION_TV,biobiiiobiiiiiiiiiii,"[(0, 2), (3, 7), (8, 20)]"
GF_SRVC_RECEPTION,GF_SRVC_RECEPTION,biobiiiobiiiiiiii,"[(0, 2), (3, 7), (8, 17)]"
GF_SRVC_HDRY_EXPO_MENWC,GF_SRVC_HDRY_EXPO_MENWC,biobiiiobiiiiiiiiiiiiii,"[(0, 2), (3, 7), (8, 23)]"
GF_LGHT_EXPO_BANNER5,GF_LGHT_EXPO_BANNER0,biobiiiobiiiiiiiiiii,"[(0, 2), (3, 7), (8, 20)]"
GF_SRVC_HDRY_EXPO_FEMWC,GF_SRVC_HDRY_EXPO_FEMWC,biobiiiobiiiiiiiiiiiiii,"[(0, 2), (3, 7), (8, 23)]"
GF_LGHT_EXPO_AV,GF_LGHT_EXPO_AV,biobiiiobiiiiii,"[(0, 2), (3, 7), (8, 15)]"
GF_LGHT_COFFEEDOCK,GF_LGHT_COFFEEDOCK,biobiiiobiiiiiiiii,"[(0, 2), (3, 7), (8, 18)]"
GF_SRVC_DALIPNL,GF_SRVC_DALIPNL,biobiiiobiiiiii,"[(0, 2), (3, 7), (8, 15)]"
GF_SRVC_COLLAB1_3G085,GF_SRVC_COLLAB0_0G000,biobiiiobiiiiiiiiiiii,"[(0, 2), (3, 7), (8, 21)]"
GF_SRVC_COLLAB2_3G085,GF_SRVC_COLLAB0_0G000,biobiiiobiiiiiiiiiiii,"[(0, 2), (3, 7), (8, 21)]"
GF_SRVC_EXPO,GF_SRVC_EXPO,biobiiiobiii,"[(0, 2), (3, 7), (8, 12)]"
GF_SRVC_HDRY1_MENWC,GF_SRVC_HDRY0_MENWC,biobiiiobiiiiiiiiii,"[(0, 2), (3, 7), (8, 19)]"
GF_SRVC_HDRY2_MENWC,GF_SRVC_HDRY0_MENWC,biobiiiobiiiiiiiiii,"[(0, 2), (3, 7), (8, 19)]"
GF_SRVC_HDRY1_FEMWC,GF_SRVC_HDRY0_FEMWC,biobiiiobiiiiiiiiii,"[(0, 2), (3, 7), (8, 19)]"
GF_SRVC_HDRY2_FEMWC,GF_SRVC_HDRY0_FEMWC,biobiiiobiiiiiiiiii,"[(0, 2), (3, 7), (8, 19)]"
GF_SRVC_HDRY_DISABWC,GF_SRVC_HDRY_DISABWC,biobiiiobiiiiiiiiiii,"[(0, 2), (3, 7), (8, 20)]"
GF_SRVC_HAIR_MENSWHR,GF_SRVC_HAIR_MENSWHR,biobiiiobiiiiiiiiiii,"[(0, 2), (3, 7), (8, 20)]"
GF_SRVC_HAIR_FEMSWHR,GF_SRVC_HAIR_FEMSWHR,biobiiiobiiiiiiiiiii,"[(0, 2), (3, 7), (8, 20)]"
GF_SRVC_WATERHTR_MENWC_3G072,GF_SRVC_WATERHTR_MENWC_0G000,biobiiiobiiiiiiiiiiiiiiiiiii,"[(0, 2), (3, 7), (8, 28)]"
GF_SRVC_WATERHTR_FEMWC_3G069,GF_SRVC_WATERHTR_FEMWC_0G000,biobiiiobiiiiiiiiiiiiiiiiiii,"[(0, 2), (3, 7), (8, 28)]"
GF_SRVC_WATERHTR_WELLNS,GF_SRVC_WATERHTR_WELLNS,biobiiiobiiiiiiiiiiiiii,"[(0, 2), (3, 7), (8, 23)]"
GF_SRVC_WATERHTR_DISABWC,GF_SRVC_WATERHTR_DISABWC,biobiiiobiiiiiiiiiiiiiii,"[(0, 2), (3, 7), (8, 24)]"
GF_SRVC_WATERHTR_EXPOBWC,GF_SRVC_WATERHTR_EXPOBWC,biobiiiobiiiiiiiiiiiiiii,"[(0, 2), (3, 7), (8, 24)]"
GF_FCU12_15_16_17_18,GF_FCU00_00_00_00_00,biobiiiiobiiiiiiiiii,"[(0, 2), (3, 8), (9, 20)]"
GF_LGHT_AISLEWAYS1_Z4,GF_LGHT_AISLEWAYS0_Z0,biobiiiobiiiiiiiiiiii,"[(0, 2), (3, 7), (8, 21)]"
GF_FCU19_20_21_22_23,GF_FCU00_00_00_00_00,biobiiiiobiiiiiiiiii,"[(0, 2), (3, 8), (9, 20)]"
GF_LGHT_I11TOI14,GF_LGHT_I00TOI00,biobiiiobiiiiiii,"[(0, 2), (3, 7), (8, 16)]"
GF_SRVC_I11TOI14,GF_SRVC_I00TOI00,biobiiiobiiiiiii,"[(0, 2), (3, 7), (8, 16)]"
GF_FCU32_33_34_35,GF_FCU00_00_00_00,biobiiiiobiiiiiii,"[(0, 2), (3, 8), (9, 17)]"
GF_LGHT_AISLEWAYS2_Z4,GF_LGHT_AISLEWAYS0_Z0,biobiiiobiiiiiiiiiiii,"[(0, 2), (3, 7), (8, 21)]"
GF_SRVC_I3TOI6,GF_SRVC_I0TOI0,biobiiiobiiiii,"[(0, 2), (3, 7), (8, 14)]"
GF_SRVC_WATERHTR_COFFEEDCK,GF_SRVC_WATERHTR_COFFEEDCK,biobiiiobiiiiiiiiiiiiiiiii,"[(0, 2), (3, 7), (8, 26)]"
SRVC_SINKSNSR_MENWC_3G072,SRVC_SINKSNSR_MENWC_0G000,biiiobiiiiiiiobiiiiiiiiii,"[(0, 4), (5, 13), (14, 25)]"
SRVC_SINKSNSR_FEMWC_3G069,SRVC_SINKSNSR_FEMWC_0G000,biiiobiiiiiiiobiiiiiiiiii,"[(0, 4), (5, 13), (14, 25)]"
GF_SRVC_DISABWC_CEILING,GF_SRVC_DISABWC_CEILING,biobiiiobiiiiiiiiiiiiii,"[(0, 2), (3, 7), (8, 23)]"
GF_SRVC_WATERMTR_MCC13,GF_SRVC_WATERMTR_MCC00,biobiiiobiiiiiiiiiiiii,"[(0, 2), (3, 7), (8, 22)]"
GF_SRVC_SINKSNSR_EXPO,GF_SRVC_SINKSNSR_EXPO,biobiiiobiiiiiiiiiiii,"[(0, 2), (3, 7), (8, 21)]"
GF_SRVC_MENWC_URNLS_3G072,GF_SRVC_MENWC_URNLS_0G000,biobiiiobiiiiiiiiiiiiiiii,"[(0, 2), (3, 7), (8, 25)]"
GF_SRVC_FOOTFALL_EXPO_RECP,GF_SRVC_FOOTFALL_EXPO_RECP,biobiiiobiiiiiiiiiiiiiiiii,"[(0, 2), (3, 7), (8, 26)]"
GF_SRVC_DISABWC_ALARM,GF_SRVC_DISABWC_ALARM,biobiiiobiiiiiiiiiiii,"[(0, 2), (3, 7), (8, 21)]"
GF_SRVC_LEAKDTCT_COMMSRM,GF_SRVC_LEAKDTCT_COMMSRM,biobiiiobiiiiiiiiiiiiiii,"[(0, 2), (3, 7), (8, 24)]"
GF_SRVC_BLND_3G064,GF_SRVC_BLND_0G000,biobiiiobiiiiiiiii,"[(0, 2), (3, 7), (8, 18)]"
GF_SRVC_BLND_3G063,GF_SRVC_BLND_0G000,biobiiiobiiiiiiiii,"[(0, 2), (3, 7), (8, 18)]"
GF_SRVC_BLND_Z6,GF_SRVC_BLND_Z0,biobiiiobiiiiii,"[(0, 2), (3, 7), (8, 15)]"
GF_SRVC_BLND_Z5,GF_SRVC_BLND_Z0,biobiiiobiiiiii,"[(0, 2), (3, 7), (8, 15)]"
GF_SRVC_BLND_Z2,GF_SRVC_BLND_Z0,biobiiiobiiiiii,"[(0, 2), (3, 7), (8, 15)]"
GF_SRVC_BLND_Z2,GF_SRVC_BLND_Z0,biobiiiobiiiiii,"[(0, 2), (3, 7), (8, 15)]"
GF_SRVC_BLND_3G054,GF_SRVC_BLND_0G000,biobiiiobiiiiiiiii,"[(0, 2), (3, 7), (8, 18)]"
GF_SRVC_EXPO_DOORS GLASS,GF_SRVC_EXPO_DOORS GLASS,biobiiiobiiiiiiiiiiiiiii,"[(0, 2), (3, 7), (8, 24)]"
GF_SRVC_MENWC_SHWR1,GF_SRVC_MENWC_SHWR0,biobiiiobiiiiiiiiii,"[(0, 2), (3, 7), (8, 19)]"
GF_SRVC_FEMWC_SHWR1,GF_SRVC_FEMWC_SHWR0,biobiiiobiiiiiiiiii,"[(0, 2), (3, 7), (8, 19)]"
GF_SRVC_MENWC_SHWR2,GF_SRVC_MENWC_SHWR0,biobiiiobiiiiiiiiii,"[(0, 2), (3, 7), (8, 19)]"
GF_SRVC_FEMWC_SHWR2,GF_SRVC_FEMWC_SHWR0,biobiiiobiiiiiiiiii,"[(0, 2), (3, 7), (8, 19)]"
GF_SRVC_WRLESS_3G075,GF_SRVC_WRLESS_0G000,biobiiiobiiiiiiiiiii,"[(0, 2), (3, 7), (8, 20)]"
GF_SRVC_WRLESS_3G086,GF_SRVC_WRLESS_0G000,biobiiiobiiiiiiiiiii,"[(0, 2), (3, 7), (8, 20)]"
GF_SRVC_SPACEHTR_COLLAB,GF_SRVC_SPACEHTR_COLLAB,biobiiiobiiiiiiiiiiiiii,"[(0, 2), (3, 7), (8, 23)]"
GF_SRVC_RECEPTION_DOOR,GF_SRVC_RECEPTION_DOOR,biobiiiobiiiiiiiiiiiii,"[(0, 2), (3, 7), (8, 22)]"
GF_SRVC_RECEPTION_CLEANR,GF_SRVC_RECEPTION_CLEANR,biobiiiobiiiiiiiiiiiiiii,"[(0, 2), (3, 7), (8, 24)]"
GF_SRVC_CARCHRGE_POINT1_NEAR,GF_SRVC_CARCHRGE_POINT0_NEAR,biobiiiobiiiiiiiiiiiiiiiiiii,"[(0, 2), (3, 7), (8, 28)]"
GF_FCU24_25_26_27_37,GF_FCU00_00_00_00_00,biobiiiiobiiiiiiiiii,"[(0, 2), (3, 8), (9, 20)]"
GF_LGHT_I3TOI6,GF_LGHT_I0TOI0,biobiiiobiiiii,"[(0, 2), (3, 7), (8, 14)]"
GF_SRVC_H3H4H21H22,GF_SRVC_H0H0H00H00,biobiiiobiiiiiiiii,"[(0, 2), (3, 7), (8, 18)]"
GF_FCU28_29_30_31_36_39,GF_FCU00_00_00_00_00_00,biobiiiiobiiiiiiiiiiiii,"[(0, 2), (3, 8), (9, 23)]"
GF_LGHT_AISLE_Z6,GF_LGHT_AISLE_Z0,biobiiiobiiiiiii,"[(0, 2), (3, 7), (8, 16)]"
GF_SRVC_H13H14H19H20,GF_SRVC_H00H00H00H00,biobiiiobiiiiiiiiiii,"[(0, 2), (3, 7), (8, 20)]"
GF_LGHT_H11TO14H19TOH22,GF_LGHT_H00TO00H00TOH00,biobiiiobiiiiiiiiiiiiii,"[(0, 2), (3, 7), (8, 23)]"
GF_SRVC_H5H6H11H12,GF_SRVC_H0H0H00H00,biobiiiobiiiiiiiii,"[(0, 2), (3, 7), (8, 18)]"
GF_SRVC_COFFEEDCK_BURCO,GF_SRVC_COFFEEDCK_BURCO,biobiiiobiiiiiiiiiiiiii,"[(0, 2), (3, 7), (8, 23)]"
GF_SRVC_FOOTFALL_RECPT,GF_SRVC_FOOTFALL_RECPT,biobiiiobiiiiiiiiiiiii,"[(0, 2), (3, 7), (8, 22)]"
GF_SRVC_CARCHRGE_POINT2_FAR,GF_SRVC_CARCHRGE_POINT0_FAR,biobiiiobiiiiiiiiiiiiiiiiii,"[(0, 2), (3, 7), (8, 27)]"
GF_SRVC_EXPO_DEMO,GF_SRVC_EXPO_DEMO,biobiiiobiiiiiiii,"[(0, 2), (3, 7), (8, 17)]"
GF_SRVC_EXPO_FLRBX,GF_SRVC_EXPO_FLRBX,biobiiiobiiiiiiiii,"[(0, 2), (3, 7), (8, 18)]"
GF_SRVC_EXPO_FLRBX,GF_SRVC_EXPO_FLRBX,biobiiiobiiiiiiiii,"[(0, 2), (3, 7), (8, 18)]"
GF_SRVC_EXPO_DEMO,GF_SRVC_EXPO_DEMO,biobiiiobiiiiiiii,"[(0, 2), (3, 7), (8, 17)]"
GF_SRVC_EXPO_AV_WALL,GF_SRVC_EXPO_AV_WALL,biobiiiobiiiiiiiiiii,"[(0, 2), (3, 7), (8, 20)]"
SRVC_EXPO_AV_WALL,SRVC_EXPO_AV_WALL,biiiobiiiobiiiiii,"[(0, 4), (5, 9), (10, 17)]"
GF_SRVC_CLEAN_EXPO,GF_SRVC_CLEAN_EXPO,biobiiiobiiiiiiiii,"[(0, 2), (3, 7), (8, 18)]"
GF_SRVC_EXPO_DEMO,GF_SRVC_EXPO_DEMO,biobiiiobiiiiiiii,"[(0, 2), (3, 7), (8, 17)]"
GF_SRVC_EXPO_AV_RACK,GF_SRVC_EXPO_AV_RACK,biobiiiobiiiiiiiiiii,"[(0, 2), (3, 7), (8, 20)]"
GF_LGHT_H3TOH6_QR061_062,GF_LGHT_H0TOH0_QR000_000,biobiiiobiiiiiiiiiiiiiii,"[(0, 2), (3, 7), (8, 24)]"
GF_LGHT_H9H10H15TOH18H23H24,GF_LGHT_H0H00H00TOH00H00H00,biobiiiobiiiiiiiiiiiiiiiiii,"[(0, 2), (3, 7), (8, 27)]"
GF_SRVC_H15TOH18,GF_SRVC_H00TOH00,biobiiiobiiiiiii,"[(0, 2), (3, 7), (8, 16)]"
GF_LGHT_H1H2H7H8_QR059_060,GF_LGHT_H0H0H0H0_QR000_000,biobiiiobiiiiiiiiiiiiiiiii,"[(0, 2), (3, 7), (8, 26)]"
GF_SRVC_H7TOH10,GF_SRVC_H0TOH00,biobiiiobiiiiii,"[(0, 2), (3, 7), (8, 15)]"
GF_LGHT_FRONTAISLE_Z6,GF_LGHT_FRONTAISLE_Z0,biobiiiobiiiiiiiiiiii,"[(0, 2), (3, 7), (8, 21)]"
GF_SRVC_G3G4G21G22,GF_SRVC_G0G0G00G00,biobiiiobiiiiiiiii,"[(0, 2), (3, 7), (8, 18)]"
GF_LGHT_MR_3G063_064,GF_LGHT_MR_0G000_000,biobiiiobiiiiiiiiiii,"[(0, 2), (3, 7), (8, 20)]"
GF_SRVC_G13G14G19G20,GF_SRVC_G00G00G00G00,biobiiiobiiiiiiiiiii,"[(0, 2), (3, 7), (8, 20)]"
GF_LGHT_MIDAISLE_Z6,GF_LGHT_MIDAISLE_Z0,biobiiiobiiiiiiiiii,"[(0, 2), (3, 7), (8, 19)]"
GF_SRVC_G5G6G11G12,GF_SRVC_G0G0G00G00,biobiiiobiiiiiiiii,"[(0, 2), (3, 7), (8, 18)]"
GF_LGHT_TOPAISLE_Z5,GF_LGHT_TOPAISLE_Z0,biobiiiobiiiiiiiiii,"[(0, 2), (3, 7), (8, 19)]"
GF_SRVC_G1G2G23G24,GF_SRVC_G0G0G00G00,biobiiiobiiiiiiiii,"[(0, 2), (3, 7), (8, 18)]"
GF_LGHT_G11TOG14G19TOG22,GF_LGHT_G00TOG00G00TOG00,biobiiiobiiiiiiiiiiiiiii,"[(0, 2), (3, 7), (8, 24)]"
GF_SRVC_G17G18,GF_SRVC_G00G00,biobiiiobiiiii,"[(0, 2), (3, 7), (8, 14)]"
GF_LGHT_G3G4G5G6,GF_LGHT_G0G0G0G0,biobiiiobiiiiiii,"[(0, 2), (3, 7), (8, 16)]"
GF_SRVC_G7TOG10,GF_SRVC_G0TOG00,biobiiiobiiiiii,"[(0, 2), (3, 7), (8, 15)]"
GF_LGHT_MIDAISLE_Z5,GF_LGHT_MIDAISLE_Z0,biobiiiobiiiiiiiiii,"[(0, 2), (3, 7), (8, 19)]"
GF_SRVC_F3F4F21F22,GF_SRVC_F0F0F00F00,biobiiiobiiiiiiiii,"[(0, 2), (3, 7), (8, 18)]"
GF_LGHT_G9G10G15TOG18G23G24,GF_LGHT_G0G00G00TOG00G00G00,biobiiiobiiiiiiiiiiiiiiiiii,"[(0, 2), (3, 7), (8, 27)]"
GF_SRVC_F13F14F19F20,GF_SRVC_F00F00F00F00,biobiiiobiiiiiiiiiii,"[(0, 2), (3, 7), (8, 20)]"
GF_LGHT_G1G2G7G8,GF_LGHT_G0G0G0G0,biobiiiobiiiiiii,"[(0, 2), (3, 7), (8, 16)]"
GF_SRVC_F5F6,GF_SRVC_F0F0,biobiiiobiii,"[(0, 2), (3, 7), (8, 12)]"
GF_SRVC_QR055_056,GF_SRVC_QR000_000,biobiiiobiiiiiiii,"[(0, 2), (3, 7), (8, 17)]"
GF_LGHT_MIDAISLE_Z5,GF_LGHT_MIDAISLE_Z0,biobiiiobiiiiiiiiii,"[(0, 2), (3, 7), (8, 19)]"
GF_SRVC_F1F2F23F24,GF_SRVC_F0F0F00F00,biobiiiobiiiiiiiii,"[(0, 2), (3, 7), (8, 18)]"
GF_LGHT_TOPAISLE_Z2,GF_LGHT_TOPAISLE_Z0,biobiiiobiiiiiiiiii,"[(0, 2), (3, 7), (8, 19)]"
GF_SRVC_F15TOF18,GF_SRVC_F00TOF00,biobiiiobiiiiiii,"[(0, 2), (3, 7), (8, 16)]"
GF_LGHT_F19TOF22_QR055_056,GF_LGHT_F00TOF00_QR000_000,biobiiiobiiiiiiiiiiiiiiiii,"[(0, 2), (3, 7), (8, 26)]"
GF_SRVC_F7F8,GF_SRVC_F0F0,biobiiiobiii,"[(0, 2), (3, 7), (8, 12)]"
GF_LGHT_F3TOF6F11TOF14,GF_LGHT_F0TOF0F00TOF00,biobiiiobiiiiiiiiiiiii,"[(0, 2), (3, 7), (8, 22)]"
GF_SRVC_QR065_066,GF_SRVC_QR000_000,biobiiiobiiiiiiii,"[(0, 2), (3, 7), (8, 17)]"
GF_LGHT_MIDAISLE_Z2,GF_LGHT_MIDAISLE_Z0,biobiiiobiiiiiiiiii,"[(0, 2), (3, 7), (8, 19)]"
GF_SRVC_QR061_062,GF_SRVC_QR000_000,biobiiiobiiiiiiii,"[(0, 2), (3, 7), (8, 17)]"
GF_LGHT_F17F18F23F24_057_058,GF_LGHT_F00F00F00F00_000_000,biobiiiobiiiiiiiiiiiiiiiiiii,"[(0, 2), (3, 7), (8, 28)]"
1F_LGHT_HILEVEL_ATRIUM,0F_LGHT_HILEVEL_ATRIUM,biobiiiobiiiiiiiiiiiii,"[(0, 2), (3, 7), (8, 22)]"
1F_SRVC_COLLAB_3F034,0F_SRVC_COLLAB_0F000,biobiiiobiiiiiiiiiii,"[(0, 2), (3, 7), (8, 20)]"
1F_SRVC_COLLAB_3F034,0F_SRVC_COLLAB_0F000,biobiiiobiiiiiiiiiii,"[(0, 2), (3, 7), (8, 20)]"
1F_STAIRCASE_ATRIUM,0F_STAIRCASE_ATRIUM,biobiiiiiiiiobiiiii,"[(0, 2), (3, 12), (13, 19)]"
1F_SRVC_COLLAB_3F034,0F_SRVC_COLLAB_0F000,biobiiiobiiiiiiiiiii,"[(0, 2), (3, 7), (8, 20)]"
1F_STAIRCASE_ATRIUM,0F_STAIRCASE_ATRIUM,biobiiiiiiiiobiiiii,"[(0, 2), (3, 12), (13, 19)]"
1F_SRVC_MR_3F039,0F_SRVC_MR_0F000,biobiiiobiiiiiii,"[(0, 2), (3, 7), (8, 16)]"
1F_SRVC_MR_3F079,0F_SRVC_MR_0F000,biobiiiobiiiiiii,"[(0, 2), (3, 7), (8, 16)]"
1F_TWINBLKHD_ATRIUM,0F_TWINBLKHD_ATRIUM,biobiiiiiiiiobiiiii,"[(0, 2), (3, 12), (13, 19)]"
1F_SRVC_MR_3F039,0F_SRVC_MR_0F000,biobiiiobiiiiiii,"[(0, 2), (3, 7), (8, 16)]"
1F_SUPPLY_TO_DALIPANEL,0F_SUPPLY_TO_DALIPANEL,biobiiiiiobiiiiiiiiiii,"[(0, 2), (3, 9), (10, 22)]"
GF_SRVC_MR_3F064,GF_SRVC_MR_0F000,biobiiiobiiiiiii,"[(0, 2), (3, 7), (8, 16)]"
1F_SRVC_MR_3F043,0F_SRVC_MR_0F000,biobiiiobiiiiiii,"[(0, 2), (3, 7), (8, 16)]"
1F_SRVC_MR_3F044,0F_SRVC_MR_0F000,biobiiiobiiiiiii,"[(0, 2), (3, 7), (8, 16)]"
GF_SRVC_MR_3F054,GF_SRVC_MR_0F000,biobiiiobiiiiiii,"[(0, 2), (3, 7), (8, 16)]"
1F_SRVC_MR_3F022,0F_SRVC_MR_0F000,biobiiiobiiiiiii,"[(0, 2), (3, 7), (8, 16)]"
1F_SRVC_MR_028,0F_SRVC_MR_000,biobiiiobiiiii,"[(0, 2), (3, 7), (8, 14)]"
1F_SRVC_CLEAN_42108,0F_SRVC_CLEAN_00000,biobiiiobiiiiiiiiii,"[(0, 2), (3, 7), (8, 19)]"
1F_SRVC_CLEAN_42122,0F_SRVC_CLEAN_00000,biobiiiobiiiiiiiiii,"[(0, 2), (3, 7), (8, 19)]"
1F_SRVC_CLEAN_42104,0F_SRVC_CLEAN_00000,biobiiiobiiiiiiiiii,"[(0, 2), (3, 7), (8, 19)]"
1F_SRVC_CLEAN_42138,0F_SRVC_CLEAN_00000,biobiiiobiiiiiiiiii,"[(0, 2), (3, 7), (8, 19)]"
1F_SRVC_HDRY_MENWC,0F_SRVC_HDRY_MENWC,biobiiiobiiiiiiiii,"[(0, 2), (3, 7), (8, 18)]"
1F_SRVC_HDRY_FEMWC,0F_SRVC_HDRY_FEMWC,biobiiiobiiiiiiiii,"[(0, 2), (3, 7), (8, 18)]"
1F_SRVC_WATERHTR_MENWC,0F_SRVC_WATERHTR_MENWC,biobiiiobiiiiiiiiiiiii,"[(0, 2), (3, 7), (8, 22)]"
1F_SRVC_WATERHTR_FEMWC,0F_SRVC_WATERHTR_FEMWC,biobiiiobiiiiiiiiiiiii,"[(0, 2), (3, 7), (8, 22)]"
1F_SRVC_SKSENS_MENWC,0F_SRVC_SKSENS_MENWC,biobiiiobiiiiiiiiiii,"[(0, 2), (3, 7), (8, 20)]"
1F_SRVC_SKSENS_FEMWC,0F_SRVC_SKSENS_FEMWC,biobiiiobiiiiiiiiiii,"[(0, 2), (3, 7), (8, 20)]"
1F_SRVC_URSENS_MENWC,0F_SRVC_URSENS_MENWC,biobiiiobiiiiiiiiiii,"[(0, 2), (3, 7), (8, 20)]"
1F_SRVC_BACKAISLE_Z7,0F_SRVC_BACKAISLE_Z0,biobiiiobiiiiiiiiiii,"[(0, 2), (3, 7), (8, 20)]"
1F_SRVC_WRLS_42108,0F_SRVC_WRLS_00000,biobiiiobiiiiiiiii,"[(0, 2), (3, 7), (8, 18)]"
1F_SRVC_BLND_3F002,0F_SRVC_BLND_0F000,biobiiiobiiiiiiiii,"[(0, 2), (3, 7), (8, 18)]"
1F_SRVC_BLND_42104,0F_SRVC_BLND_00000,biobiiiobiiiiiiiii,"[(0, 2), (3, 7), (8, 18)]"
1F_SRVC_BLND_42104,0F_SRVC_BLND_00000,biobiiiobiiiiiiiii,"[(0, 2), (3, 7), (8, 18)]"
1F_SRVC_BLND_42120,0F_SRVC_BLND_00000,biobiiiobiiiiiiiii,"[(0, 2), (3, 7), (8, 18)]"
1F_SRVC_BLND_42142,0F_SRVC_BLND_00000,biobiiiobiiiiiiiii,"[(0, 2), (3, 7), (8, 18)]"
1F_SRVC_BLND_3F043,0F_SRVC_BLND_0F000,biobiiiobiiiiiiiii,"[(0, 2), (3, 7), (8, 18)]"
1F_FCU01_02_06_07,0F_FCU00_00_00_00,biobiiiiobiiiiiii,"[(0, 2), (3, 8), (9, 17)]"
1F_LGHT_RM_3F041_3F042,0F_LGHT_RM_0F000_0F000,biobiiiobiiiiiiiiiiiii,"[(0, 2), (3, 7), (8, 22)]"
1F_SRVC_D4D5D12D13,0F_SRVC_D0D0D00D00,biobiiiobiiiiiiiii,"[(0, 2), (3, 7), (8, 18)]"
1F_FCU03_04_05_08_09,0F_FCU00_00_00_00_00,biobiiiiobiiiiiiiiii,"[(0, 2), (3, 8), (9, 20)]"
1F_LGHT_MR_3F039_040,0F_LGHT_MR_0F000_000,biobiiiobiiiiiiiiiii,"[(0, 2), (3, 7), (8, 20)]"
1F_SRVC_D3D6D11D14,0F_SRVC_D0D0D00D00,biobiiiobiiiiiiiii,"[(0, 2), (3, 7), (8, 18)]"
GF_SRVC_I1I2I7I8_QR066_065,GF_SRVC_I0I0I0I0_QR000_000,biobiiiobiiiiiiiiiiiiiiiii,"[(0, 2), (3, 7), (8, 26)]"
1F_FCU14_19_20_21_22,0F_FCU00_00_00_00_00,biobiiiiobiiiiiiiiii,"[(0, 2), (3, 8), (9, 20)]"
1F_LGHT_BACKAISLE_Z7,0F_LGHT_BACKAISLE_Z0,biobiiiobiiiiiiiiiii,"[(0, 2), (3, 7), (8, 20)]"
1F_SRVC_D20D21D28,0F_SRVC_D00D00D00,biobiiiobiiiiiiii,"[(0, 2), (3, 7), (8, 17)]"
GF_SRVC_I9I10I15TOI18I23I24,GF_SRVC_I0I00I00TOI00I00I00,biobiiiobiiiiiiiiiiiiiiiiii,"[(0, 2), (3, 7), (8, 27)]"
GF_SRVC_VESDA,GF_SRVC_VESDA,biobiiiobiiii,"[(0, 2), (3, 7), (8, 13)]"
1F_SRVC_WTRMTR_MENWC,0F_SRVC_WTRMTR_MENWC,biobiiiobiiiiiiiiiii,"[(0, 2), (3, 7), (8, 20)]"
GF_SRVC_CLEAN_Z5_NEXTFRONT,GF_SRVC_CLEAN_Z0_NEXTFRONT,biobiiiobiiiiiiiiiiiiiiiii,"[(0, 2), (3, 7), (8, 26)]"
GF_SRVC_CLEAN_Z3_NEXTCOFFDK,GF_SRVC_CLEAN_Z0_NEXTCOFFDK,biobiiiobiiiiiiiiiiiiiiiiii,"[(0, 2), (3, 7), (8, 27)]"
GF_SRVC_CLEAN_Z4,GF_SRVC_CLEAN_Z0,biobiiiobiiiiiii,"[(0, 2), (3, 7), (8, 16)]"
GF_SRVC_CLEAN_Z2_NEXTDB,GF_SRVC_CLEAN_Z0_NEXTDB,biobiiiobiiiiiiiiiiiiii,"[(0, 2), (3, 7), (8, 23)]"
GF_SRVC_CLEAN_Z6,GF_SRVC_CLEAN_Z0,biobiiiobiiiiiii,"[(0, 2), (3, 7), (8, 16)]"
1F_FCU12_15_16_17_18,0F_FCU00_00_00_00_00,biobiiiiobiiiiiiiiii,"[(0, 2), (3, 8), (9, 20)]"
1F_LGHT_F13F14F19TOF22F27F28,0F_LGHT_F00F00F00TOF00F00F00,biobiiiobiiiiiiiiiiiiiiiiiii,"[(0, 2), (3, 7), (8, 28)]"
1F_SRVC_D19D22D27,0F_SRVC_D00D00D00,biobiiiobiiiiiiii,"[(0, 2), (3, 7), (8, 17)]"
GF_SRVC_I11TOI14I19TOI22,GF_SRVC_I00TOI00I00TOI00,biobiiiobiiiiiiiiiiiiiii,"[(0, 2), (3, 7), (8, 24)]"
1F_FCU10_11_13_23_COLLAB,0F_FCU00_00_00_00_COLLAB,biobiiiiobiiiiiiiiiiiiii,"[(0, 2), (3, 8), (9, 24)]"
1F_LGHT_F3TOF6F11F12_QR37_38,0F_LGHT_F0TOF0F00F00_QR00_00,biobiiiobiiiiiiiiiiiiiiiiiii,"[(0, 2), (3, 7), (8, 28)]"
1F_SRVC_D2D7D10D15,0F_SRVC_D0D0D00D00,biobiiiobiiiiiiiii,"[(0, 2), (3, 7), (8, 18)]"
1F_LGHT_MIDAISLE_Z9,0F_LGHT_MIDAISLE_Z0,biobiiiobiiiiiiiiii,"[(0, 2), (3, 7), (8, 19)]"
1F_SRVC_D1D8D9D16,0F_SRVC_D0D0D0D00,biobiiiobiiiiiiii,"[(0, 2), (3, 7), (8, 17)]"
1F_LGHT_F15TOF18F23TOF26,0F_LGHT_F00TOF00F00TOF00,biobiiiobiiiiiiiiiiiiiii,"[(0, 2), (3, 7), (8, 24)]"
1F_SRVC_D18D23D26,0F_SRVC_D00D00D00,biobiiiobiiiiiiii,"[(0, 2), (3, 7), (8, 17)]"
1F_LGHT_F1F2F7TOF10_QR35_36,0F_LGHT_F0F0F0TOF00_QR00_00,biobiiiobiiiiiiiiiiiiiiiiii,"[(0, 2), (3, 7), (8, 27)]"
1F_SRVC_D17D24D25,0F_SRVC_D00D00D00,biobiiiobiiiiiiii,"[(0, 2), (3, 7), (8, 17)]"
1F_LGHT_MR_3F043_044,0F_LGHT_MR_0F000_000,biobiiiobiiiiiiiiiii,"[(0, 2), (3, 7), (8, 20)]"
1F_SRVC_E2E3E6E7,0F_SRVC_E0E0E0E0,biobiiiobiiiiiii,"[(0, 2), (3, 7), (8, 16)]"
1F_LGHT_TOPAISLE_Z8,0F_LGHT_TOPAISLE_Z0,biobiiiobiiiiiiiiii,"[(0, 2), (3, 7), (8, 19)]"
1F_SRVC_E1E4E5E8,0F_SRVC_E0E0E0E0,biobiiiobiiiiiii,"[(0, 2), (3, 7), (8, 16)]"
1F_LGHT_COLLAB_3F034,0F_LGHT_COLLAB_0F000,biobiiiobiiiiiiiiiii,"[(0, 2), (3, 7), (8, 20)]"
1F_SRVC_F4F5F12F13,0F_SRVC_F0F0F00F00,biobiiiobiiiiiiiii,"[(0, 2), (3, 7), (8, 18)]"
1F_LGHT_COLLAB_3F033,0F_LGHT_COLLAB_0F000,biobiiiobiiiiiiiiiii,"[(0, 2), (3, 7), (8, 20)]"
1F_SRVC_F3F6F11F14,0F_SRVC_F0F0F00F00,biobiiiobiiiiiiiii,"[(0, 2), (3, 7), (8, 18)]"
1F_LGHT_MIDAISLE_Z8,0F_LGHT_MIDAISLE_Z0,biobiiiobiiiiiiiiii,"[(0, 2), (3, 7), (8, 19)]"
1F_SRVC_F20F21F28_QR037_038,0F_SRVC_F00F00F00_QR000_000,biobiiiobiiiiiiiiiiiiiiiiii,"[(0, 2), (3, 7), (8, 27)]"
1F_LGHT_E1TOE8,0F_LGHT_E0TOE0,biobiiiobiiiii,"[(0, 2), (3, 7), (8, 14)]"
1F_SRVC_F19F22F27,0F_SRVC_F00F00F00,biobiiiobiiiiiiii,"[(0, 2), (3, 7), (8, 17)]"
1F_LGHT_FRONTAISLE_Z9,0F_LGHT_FRONTAISLE_Z0,biobiiiobiiiiiiiiiiii,"[(0, 2), (3, 7), (8, 21)]"
1F_SRVC_F2F7F10F15,0F_SRVC_F0F0F00F00,biobiiiobiiiiiiiii,"[(0, 2), (3, 7), (8, 18)]"
1F_LGHT_FRONTAISLE_Z7,0F_LGHT_FRONTAISLE_Z0,biobiiiobiiiiiiiiiiii,"[(0, 2), (3, 7), (8, 21)]"
1F_SRVC_F1F8F9F16,0F_SRVC_F0F0F0F00,biobiiiobiiiiiiii,"[(0, 2), (3, 7), (8, 17)]"
1F_LGHT_D21D22D27D28_QR29_30,0F_LGHT_D00D00D00D00_QR00_00,biobiiiobiiiiiiiiiiiiiiiiiii,"[(0, 2), (3, 7), (8, 28)]"
1F_SRVC_F18F23F26,0F_SRVC_F00F00F00,biobiiiobiiiiiiii,"[(0, 2), (3, 7), (8, 17)]"
1F_LGHT_D3TOD6D11TOD14,0F_LGHT_D0TOD0D00TOD00,biobiiiobiiiiiiiiiiiii,"[(0, 2), (3, 7), (8, 22)]"
1F_SRVC_F17F24F25,0F_SRVC_F00F00F00,biobiiiobiiiiiiii,"[(0, 2), (3, 7), (8, 17)]"
1F_LGHT_MIDAISLE_Z7,0F_LGHT_MIDAISLE_Z0,biobiiiobiiiiiiiiii,"[(0, 2), (3, 7), (8, 19)]"
1F_SRVC_QR029_030,0F_SRVC_QR000_000,biobiiiobiiiiiiii,"[(0, 2), (3, 7), (8, 17)]"
1F_LGHT_D1D2D7TOD10D15TOD18,0F_LGHT_D0D0D0TOD00D00TOD00,biobiiiobiiiiiiiiiiiiiiiiii,"[(0, 2), (3, 7), (8, 27)]"
1F_SRVC_QR031_032,0F_SRVC_QR000_000,biobiiiobiiiiiiii,"[(0, 2), (3, 7), (8, 17)]"
1F_LGHT_D23TOD26_QR31_32,0F_LGHT_D00TOD00_QR00_00,biobiiiobiiiiiiiiiiiiiii,"[(0, 2), (3, 7), (8, 24)]"
1F_SRVC_QR035_036,0F_SRVC_QR000_000,biobiiiobiiiiiiii,"[(0, 2), (3, 7), (8, 17)]"
1F_LGHT_BACKAISLE_Z7,0F_LGHT_BACKAISLE_Z0,biobiiiobiiiiiiiiiii,"[(0, 2), (3, 7), (8, 20)]"
1F_SRVC_QR037_038,0F_SRVC_QR000_000,biobiiiobiiiiiiii,"[(0, 2), (3, 7), (8, 17)]"
1F_LGHT_MIDAISLE_Z7,0F_LGHT_MIDAISLE_Z0,biobiiiobiiiiiiiiii,"[(0, 2), (3, 7), (8, 19)]"
1F_SRVC_OPEN PLAN 42-1-19,0F_SRVC_OPEN PLAN 00-0-00,biobiiiobiiiiiiiiiiiiiiii,"[(0, 2), (3, 7), (8, 25)]"
1F_LGHT_MR_3F022,0F_LGHT_MR_0F000,biobiiiobiiiiiii,"[(0, 2), (3, 7), (8, 16)]"
1F_SRVC_OPEN PLAN 41-1-29,0F_SRVC_OPEN PLAN 00-0-00,biobiiiobiiiiiiiiiiiiiiii,"[(0, 2), (3, 7), (8, 25)]"
1F_LGHT_FEMWC,0F_LGHT_FEMWC,biobiiiobiiii,"[(0, 2), (3, 7), (8, 13)]"
1F_SRVC_COLLAB_3F33,0F_SRVC_COLLAB_0F00,biobiiiobiiiiiiiiii,"[(0, 2), (3, 7), (8, 19)]"
1F_LGHT_MENWC,0F_LGHT_MENWC,biobiiiobiiii,"[(0, 2), (3, 7), (8, 13)]"
1F_SRVC_COLLAB_3F33,0F_SRVC_COLLAB_0F00,biobiiiobiiiiiiiiii,"[(0, 2), (3, 7), (8, 19)]"
1F_LGHT_MR_3F028,0F_LGHT_MR_0F000,biobiiiobiiiiiii,"[(0, 2), (3, 7), (8, 16)]"
1F_SRVC_BLND_3F043,0F_SRVC_BLND_0F000,biobiiiobiiiiiiiii,"[(0, 2), (3, 7), (8, 18)]"
GF_SRVC_H23H24,GF_SRVC_H00H00,biobiiiobiiiii,"[(0, 2), (3, 7), (8, 14)]"
1F_FCU_3P_INST_KW,0F_FCU_0P_INST_KW,biobiiiiiiiiiiiii,"[(0, 2), (3, 17)]"
1F_FCU_3P_MAX_KW,0F_FCU_0P_MAX_KW,biobiiiiiiiiiiii,"[(0, 2), (3, 16)]"
1F_FCU_FREQUENCY,0F_FCU_FREQUENCY,biobiiiiiiiiiiii,"[(0, 2), (3, 16)]"
1F_FCU_LINE_VOLTAGE,0F_FCU_LINE_VOLTAGE,biobiiiiiiiiiiiiiii,"[(0, 2), (3, 19)]"
1F_FCU_PH1_CURRENT,0F_FCU_PH0_CURRENT,biobiiiiiiiiiiiiii,"[(0, 2), (3, 18)]"
1F_FCU_PH2_CURRENT,0F_FCU_PH0_CURRENT,biobiiiiiiiiiiiiii,"[(0, 2), (3, 18)]"
1F_FCU_PH3_CURRENT,0F_FCU_PH0_CURRENT,biobiiiiiiiiiiiiii,"[(0, 2), (3, 18)]"
1F_FCU_POWER_FACTOR,0F_FCU_POWER_FACTOR,biobiiiiiiiiiiiiiii,"[(0, 2), (3, 19)]"
1F_LIGHT_3P_AVG15_KW,0F_LIGHT_0P_AVG00_KW,biobiiiiiiiiiiiiiiii,"[(0, 2), (3, 20)]"
1F_LIGHT_3P_INST_KW,0F_LIGHT_0P_INST_KW,biobiiiiiiiiiiiiiii,"[(0, 2), (3, 19)]"
1F_LIGHT_3P_MAX_KW,0F_LIGHT_0P_MAX_KW,biobiiiiiiiiiiiiii,"[(0, 2), (3, 18)]"
1F_LIGHT_FREQUENCY,0F_LIGHT_FREQUENCY,biobiiiiiiiiiiiiii,"[(0, 2), (3, 18)]"
1F_LIGHT_LINE_VOLTAGE,0F_LIGHT_LINE_VOLTAGE,biobiiiiiiiiiiiiiiiii,"[(0, 2), (3, 21)]"
1F_LIGHT_PH1_CURRENT,0F_LIGHT_PH0_CURRENT,biobiiiiiiiiiiiiiiii,"[(0, 2), (3, 20)]"
1F_LIGHT_PH2_CURRENT,0F_LIGHT_PH0_CURRENT,biobiiiiiiiiiiiiiiii,"[(0, 2), (3, 20)]"
1F_LIGHT_PH3_CURRENT,0F_LIGHT_PH0_CURRENT,biobiiiiiiiiiiiiiiii,"[(0, 2), (3, 20)]"
1F_LIGHT_POWER_FACTOR,0F_LIGHT_POWER_FACTOR,biobiiiiiiiiiiiiiiiii,"[(0, 2), (3, 21)]"
1F_SRVC_3P_AVG15_KW,0F_SRVC_0P_AVG00_KW,biobiiiiiiiiiiiiiii,"[(0, 2), (3, 19)]"
1F_SRVC_3P_INST_KW,0F_SRVC_0P_INST_KW,biobiiiiiiiiiiiiii,"[(0, 2), (3, 18)]"
1F_SRVC_3P_MAX_KW,0F_SRVC_0P_MAX_KW,biobiiiiiiiiiiiii,"[(0, 2), (3, 17)]"
1F_SRVC_FREQUENCY,0F_SRVC_FREQUENCY,biobiiiiiiiiiiiii,"[(0, 2), (3, 17)]"
1F_SRVC_LINE_VOLTAGE,0F_SRVC_LINE_VOLTAGE,biobiiiiiiiiiiiiiiii,"[(0, 2), (3, 20)]"
1F_SRVC_PH1_CURRENT,0F_SRVC_PH0_CURRENT,biobiiiiiiiiiiiiiii,"[(0, 2), (3, 19)]"
1F_SRVC_PH2_CURRENT,0F_SRVC_PH0_CURRENT,biobiiiiiiiiiiiiiii,"[(0, 2), (3, 19)]"
1F_SRVC_PH3_CURRENT,0F_SRVC_PH0_CURRENT,biobiiiiiiiiiiiiiii,"[(0, 2), (3, 19)]"
1F_SRVC_POWER_FACTOR,0F_SRVC_POWER_FACTOR,biobiiiiiiiiiiiiiiii,"[(0, 2), (3, 20)]"
GF_FCU_3P_AVG15_KW,GF_FCU_0P_AVG00_KW,biobiiiiiiiiiiiiii,"[(0, 2), (3, 18)]"
GF_FCU_3P_INST_KW,GF_FCU_0P_INST_KW,biobiiiiiiiiiiiii,"[(0, 2), (3, 17)]"
GF_FCU_3P_MAX_KW,GF_FCU_0P_MAX_KW,biobiiiiiiiiiiii,"[(0, 2), (3, 16)]"
GF_FCU_FREQUENCY,GF_FCU_FREQUENCY,biobiiiiiiiiiiii,"[(0, 2), (3, 16)]"
GF_FCU_LINE_VOLTAGE,GF_FCU_LINE_VOLTAGE,biobiiiiiiiiiiiiiii,"[(0, 2), (3, 19)]"
GF_FCU_PH1_CURRENT,GF_FCU_PH0_CURRENT,biobiiiiiiiiiiiiii,"[(0, 2), (3, 18)]"
GF_FCU_PH2_CURRENT,GF_FCU_PH0_CURRENT,biobiiiiiiiiiiiiii,"[(0, 2), (3, 18)]"
GF_FCU_PH3_CURRENT,GF_FCU_PH0_CURRENT,biobiiiiiiiiiiiiii,"[(0, 2), (3, 18)]"
GF_FCU_POWER_FACTOR,GF_FCU_POWER_FACTOR,biobiiiiiiiiiiiiiii,"[(0, 2), (3, 19)]"
GF_LIGHT_3P_AVG15_KW,GF_LIGHT_0P_AVG00_KW,biobiiiiiiiiiiiiiiii,"[(0, 2), (3, 20)]"
GF_LIGHT_3P_INST_KW,GF_LIGHT_0P_INST_KW,biobiiiiiiiiiiiiiii,"[(0, 2), (3, 19)]"
GF_LIGHT_3P_MAX_KW,GF_LIGHT_0P_MAX_KW,biobiiiiiiiiiiiiii,"[(0, 2), (3, 18)]"
GF_LIGHT_FREQUENCY,GF_LIGHT_FREQUENCY,biobiiiiiiiiiiiiii,"[(0, 2), (3, 18)]"
GF_LIGHT_LINE_VOLTAGE,GF_LIGHT_LINE_VOLTAGE,biobiiiiiiiiiiiiiiiii,"[(0, 2), (3, 21)]"
GF_LIGHT_PH1_CURRENT,GF_LIGHT_PH0_CURRENT,biobiiiiiiiiiiiiiiii,"[(0, 2), (3, 20)]"
GF_LIGHT_PH2_CURRENT,GF_LIGHT_PH0_CURRENT,biobiiiiiiiiiiiiiiii,"[(0, 2), (3, 20)]"
GF_LIGHT_PH3_CURRENT,GF_LIGHT_PH0_CURRENT,biobiiiiiiiiiiiiiiii,"[(0, 2), (3, 20)]"
GF_LIGHT_POWER_FACTOR,GF_LIGHT_POWER_FACTOR,biobiiiiiiiiiiiiiiiii,"[(0, 2), (3, 21)]"
GF_SRVC_3P_AVG15_KW,GF_SRVC_0P_AVG00_KW,biobiiiiiiiiiiiiiii,"[(0, 2), (3, 19)]"
GF_SRVC_3P_INST_KW,GF_SRVC_0P_INST_KW,biobiiiiiiiiiiiiii,"[(0, 2), (3, 18)]"
GF_SRVC_3P_MAX_KW,GF_SRVC_0P_MAX_KW,biobiiiiiiiiiiiii,"[(0, 2), (3, 17)]"
GF_SRVC_FREQUENCY,GF_SRVC_FREQUENCY,biobiiiiiiiiiiiii,"[(0, 2), (3, 17)]"
GF_SRVC_LINE_VOLTAGE,GF_SRVC_LINE_VOLTAGE,biobiiiiiiiiiiiiiiii,"[(0, 2), (3, 20)]"
GF_SRVC_PH1_CURRENT,GF_SRVC_PH0_CURRENT,biobiiiiiiiiiiiiiii,"[(0, 2), (3, 19)]"
GF_SRVC_PH2_CURRENT,GF_SRVC_PH0_CURRENT,biobiiiiiiiiiiiiiii,"[(0, 2), (3, 19)]"
GF_SRVC_PH3_CURRENT,GF_SRVC_PH0_CURRENT,biobiiiiiiiiiiiiiii,"[(0, 2), (3, 19)]"
GF_SRVC_POWER_FACTOR,GF_SRVC_POWER_FACTOR,biobiiiiiiiiiiiiiiii,"[(0, 2), (3, 20)]"
1F_FCU_KWH,0F_FCU_KWH,biobiiiiii,"[(0, 2), (3, 10)]"
1F_LIGHT_KWH,0F_LIGHT_KWH,biobiiiiiiii,"[(0, 2), (3, 12)]"
1F_SRVC_KWH,0F_SRVC_KWH,biobiiiiiii,"[(0, 2), (3, 11)]"
GF_FCU_KWH,GF_FCU_KWH,biobiiiiii,"[(0, 2), (3, 10)]"
GF_LIGHT_KWH,GF_LIGHT_KWH,biobiiiiiiii,"[(0, 2), (3, 12)]"
GF_SRVC_KWH,GF_SRVC_KWH,biobiiiiiii,"[(0, 2), (3, 11)]"
